scenario_id,p,config,seed,avg_gate_wait,p95_gate_wait,avg_esc_wait,zone1_density_avg,zone1_density_max,zone1_los_avg,zone1_los_max,zone1_category,zone2_density_avg,zone2_density_max,zone2_los_avg,zone2_los_max,zone2_category,zone3a_density_avg,zone3a_density_max,zone3a_los_avg,zone3a_los_max,zone3a_category,zone3b_density_avg,zone3b_density_max,zone3b_los_avg,zone3b_los_max,zone3b_category,zone3c_density_avg,zone3c_density_max,zone3c_los_avg,zone3c_los_max,zone3c_category,zone4a_density_avg,zone4a_density_max,zone4a_los_avg,zone4a_los_max,zone4a_category,zone4b_density_avg,zone4b_density_max,zone4b_los_avg,zone4b_los_max,zone4b_category,zone4c_density_avg,zone4c_density_max,zone4c_los_avg,zone4c_los_max,zone4c_category
p10_cfg1_s42,0.1,1,42,12.754916067146285,32.21999999999999,22.426978417266184,0.0486933333333333,0.1208,A,A,walkway,0.7142857142857142,2.821428571428572,A,D,waiting,0.3506944444444445,0.7916666666666666,B,D,walkway,0.3777777777777777,1.1666666666666667,B,E,walkway,0.0188888888888888,0.0333333333333333,A,A,walkway,0.4520833333333333,1.2083333333333333,C,E,walkway,1.6083333333333334,4.833333333333333,E,F,walkway,0.0222222222222222,0.0333333333333333,A,A,walkway
p10_cfg1_s43,0.1,1,43,15.672887323943664,36.6125,20.66418439716312,0.0499866666666666,0.1208,A,A,walkway,0.8547619047619047,3.2857142857142856,B,D,waiting,0.3881944444444444,0.8333333333333334,B,D,walkway,0.475,1.3333333333333333,C,E,walkway,0.0177777777777777,0.0333333333333333,A,A,walkway,0.4361111111111111,1.0833333333333333,C,E,walkway,1.1555555555555554,3.0,E,F,walkway,0.0211111111111111,0.0333333333333333,A,A,walkway
p10_cfg1_s44,0.1,1,44,13.13219895287958,32.3475,20.37107329842932,0.0428266666666666,0.1152,A,A,walkway,0.6642857142857143,2.857142857142857,A,D,waiting,0.3124999999999999,0.8333333333333334,B,D,walkway,0.4027777777777778,1.5,C,E,walkway,0.0161111111111111,0.0333333333333333,A,A,walkway,0.3965277777777778,0.9583333333333334,B,D,walkway,1.1,3.333333333333333,E,F,walkway,0.0194444444444444,0.0333333333333333,A,A,walkway
p10_cfg1_s45,0.1,1,45,15.213559322033896,34.78999999999999,19.58716707021792,0.0472,0.1136,A,A,walkway,0.8089285714285714,3.071428571428572,B,D,waiting,0.323611111111111,0.7916666666666666,B,D,walkway,0.3472222222222222,1.1666666666666667,B,E,walkway,0.0172222222222222,0.0333333333333333,A,A,walkway,0.4041666666666667,1.0833333333333333,C,E,walkway,1.2416666666666665,3.333333333333333,E,F,walkway,0.0205555555555555,0.0333333333333333,A,A,walkway
p10_cfg1_s46,0.1,1,46,15.028571428571428,35.5875,21.71490610328639,0.0519333333333333,0.1272,A,A,walkway,0.8547619047619046,3.321428571428572,B,E,waiting,0.3347222222222222,0.6666666666666666,B,C,walkway,0.3111111111111111,0.8333333333333334,B,D,walkway,0.0166666666666666,0.0333333333333333,A,A,walkway,0.4979166666666667,1.1666666666666667,C,E,walkway,1.65,4.5,E,F,walkway,0.0227777777777777,0.0666666666666666,A,A,walkway
p10_cfg2_s42,0.1,2,42,19.993525179856118,47.97,20.38312807881773,0.0525999999999999,0.1224,A,A,walkway,1.0523809523809524,3.5357142857142856,C,E,waiting,0.3027777777777778,0.7083333333333334,B,D,walkway,0.2277777777777778,0.6666666666666666,A,C,walkway,0.015,0.0333333333333333,A,A,walkway,0.4680555555555555,1.0,C,D,walkway,1.427777777777778,3.6666666666666665,E,F,walkway,0.0216666666666666,0.0333333333333333,A,A,walkway
p10_cfg2_s43,0.1,2,43,24.254342723004697,53.925,18.94093137254902,0.0564266666666666,0.1248,A,A,walkway,1.281547619047619,4.0,C,E,waiting,0.2972222222222223,0.6666666666666666,A,C,walkway,0.2194444444444444,0.8333333333333334,A,D,walkway,0.0161111111111111,0.0333333333333333,A,A,walkway,0.4722222222222221,0.9583333333333334,C,D,walkway,1.175,3.0,E,F,walkway,0.0205555555555555,0.0333333333333333,A,A,walkway
p10_cfg2_s44,0.1,2,44,22.201570680628272,52.53749999999998,16.977851458885944,0.0470666666666666,0.1144,A,A,walkway,1.056547619047619,3.7857142857142856,C,E,waiting,0.2722222222222222,0.6666666666666666,A,C,walkway,0.211111111111111,0.8333333333333334,A,D,walkway,0.0161111111111111,0.0333333333333333,A,A,walkway,0.39375,0.8333333333333334,B,D,walkway,0.7138888888888888,1.8333333333333333,D,E,walkway,0.0205555555555555,0.0333333333333333,A,A,walkway
p10_cfg2_s45,0.1,2,45,20.74309927360775,49.64999999999996,18.44912718204489,0.05056,0.116,A,A,walkway,1.0726190476190474,3.678571428571429,C,E,waiting,0.2902777777777777,0.5833333333333334,A,C,walkway,0.2222222222222222,0.6666666666666666,A,C,walkway,0.0166666666666666,0.0333333333333333,A,A,walkway,0.4409722222222222,0.9166666666666666,C,D,walkway,1.0638888888888889,2.833333333333333,E,F,walkway,0.0222222222222222,0.0333333333333333,A,A,walkway
p10_cfg2_s46,0.1,2,46,24.482027649769588,54.08999999999999,18.70738095238095,0.05716,0.128,A,A,walkway,1.310714285714286,4.107142857142857,C,E,waiting,0.2902777777777778,0.5833333333333334,A,C,walkway,0.1972222222222222,0.5,A,C,walkway,0.0166666666666666,0.0333333333333333,A,A,walkway,0.4993055555555555,0.9166666666666666,C,D,walkway,1.1583333333333334,2.833333333333333,E,F,walkway,0.025,0.0333333333333333,A,A,walkway
p10_cfg3_s42,0.1,3,42,34.73422982885086,75.20999999999998,14.591884816753929,0.06076,0.1304,A,A,walkway,1.799404761904762,4.464285714285714,D,E,waiting,0.3194444444444444,0.5833333333333334,B,C,walkway,0.2361111111111111,0.6666666666666666,A,C,walkway,0.0194444444444444,0.0333333333333333,A,A,walkway,0.3215277777777777,0.75,B,D,walkway,0.3694444444444444,1.3333333333333333,B,E,walkway,0.0172222222222222,0.0333333333333333,A,A,walkway
p10_cfg3_s43,0.1,3,43,31.190169902912626,69.84249999999997,14.563766233766234,0.0586799999999999,0.124,A,A,walkway,1.6851190476190474,4.357142857142857,D,E,waiting,0.3118055555555556,0.5833333333333334,B,C,walkway,0.2055555555555555,0.6666666666666666,A,C,walkway,0.0161111111111111,0.0333333333333333,A,A,walkway,0.3361111111111111,0.7916666666666666,B,D,walkway,0.386111111111111,1.6666666666666667,B,E,walkway,0.0222222222222222,0.0333333333333333,A,A,walkway
p10_cfg3_s44,0.1,3,44,28.95314136125654,64.4275,14.217127071823205,0.0498,0.1152,A,A,walkway,1.3619047619047615,4.0,C,E,waiting,0.2875,0.5833333333333334,A,C,walkway,0.2194444444444444,0.6666666666666666,A,C,walkway,0.0138888888888888,0.0333333333333333,A,A,walkway,0.3083333333333334,0.5833333333333334,B,C,walkway,0.3222222222222222,0.8333333333333334,B,D,walkway,0.0155555555555555,0.0333333333333333,A,A,walkway
p10_cfg3_s45,0.1,3,45,33.93716049382716,71.00999999999998,14.132114882506528,0.0583733333333333,0.1208,A,A,walkway,1.7273809523809522,4.25,D,E,waiting,0.3131944444444444,0.5416666666666666,B,C,walkway,0.2111111111111111,0.6666666666666666,A,C,walkway,0.0177777777777777,0.0333333333333333,A,A,walkway,0.3229166666666667,0.5833333333333334,B,C,walkway,0.3194444444444444,0.8333333333333334,B,D,walkway,0.0177777777777777,0.0333333333333333,A,A,walkway
p10_cfg3_s46,0.1,3,46,35.77018561484918,80.125,14.807777777777776,0.0646,0.1328,A,A,walkway,1.898809523809524,4.75,D,E,waiting,0.3402777777777777,0.5833333333333334,B,C,walkway,0.2305555555555555,0.8333333333333334,A,D,walkway,0.02,0.0333333333333333,A,A,walkway,0.3534722222222222,0.7916666666666666,B,D,walkway,0.4027777777777778,1.3333333333333333,C,E,walkway,0.0194444444444444,0.0333333333333333,A,A,walkway
p10_cfg4_s42,0.1,4,42,53.48757396449704,114.575,14.021583850931677,0.0823733333333333,0.1488,A,A,walkway,2.939880952380953,5.678571428571429,D,F,waiting,0.1902777777777778,0.4583333333333333,A,C,walkway,0.1083333333333333,0.3333333333333333,A,B,walkway,0.0116666666666666,0.0333333333333333,A,A,walkway,0.3326388888888889,0.5833333333333334,B,C,walkway,0.3333333333333333,0.8333333333333334,B,D,walkway,0.0194444444444444,0.0333333333333333,A,A,walkway
p10_cfg4_s43,0.1,4,43,44.84116022099448,101.9575,13.974705882352945,0.0755333333333333,0.1392,A,A,walkway,2.5517857142857143,5.321428571428571,D,F,waiting,0.1923611111111111,0.4583333333333333,A,C,walkway,0.1166666666666666,0.3333333333333333,A,B,walkway,0.0133333333333333,0.0333333333333333,A,A,walkway,0.3597222222222223,0.5416666666666666,B,C,walkway,0.3555555555555555,0.8333333333333334,B,D,walkway,0.02,0.0333333333333333,A,A,walkway
p10_cfg4_s44,0.1,4,44,39.09722222222222,88.9175,14.641666666666666,0.0627333333333333,0.1248,A,A,walkway,1.980952380952381,4.642857142857143,D,E,waiting,0.1743055555555555,0.375,A,B,walkway,0.1305555555555555,0.5,A,C,walkway,0.0077777777777777,0.0333333333333333,A,A,walkway,0.3645833333333333,0.6666666666666666,B,C,walkway,0.3916666666666667,0.8333333333333334,B,D,walkway,0.0166666666666666,0.0333333333333333,A,A,walkway
p10_cfg4_s45,0.1,4,45,41.569054441260754,96.64,14.032282282282283,0.0702,0.128,A,A,walkway,2.345238095238095,4.928571428571429,D,E,waiting,0.2,0.5,A,C,walkway,0.1166666666666666,0.3333333333333333,A,B,walkway,0.0133333333333333,0.0333333333333333,A,A,walkway,0.3395833333333333,0.625,B,C,walkway,0.3527777777777777,1.0,B,D,walkway,0.0172222222222222,0.0333333333333333,A,A,walkway
p10_cfg4_s46,0.1,4,46,54.30027700831025,118.0,14.80982404692082,0.0863333333333333,0.1512,A,A,walkway,3.0446428571428568,5.75,D,F,waiting,0.2222222222222222,0.5,A,C,walkway,0.125,0.5,A,C,walkway,0.0138888888888888,0.0333333333333333,A,A,walkway,0.3722222222222222,0.625,B,C,walkway,0.3555555555555555,1.0,B,D,walkway,0.0183333333333333,0.0333333333333333,A,A,walkway
p10_cfg5_s42,0.1,5,42,76.14864341085273,168.065,16.172839506172842,0.1088533333333333,0.1888,A,A,walkway,4.079166666666667,7.607142857142857,E,F,waiting,0.2722222222222222,0.5416666666666666,A,C,walkway,0.0,0.0,A,A,walkway,0.0216666666666666,0.0666666666666666,A,A,walkway,0.2715277777777777,0.5,A,C,walkway,0.0,0.0,A,A,walkway,0.0233333333333333,0.0666666666666666,A,A,walkway
p10_cfg5_s43,0.1,5,43,81.51604938271606,172.465,15.688646288209608,0.11304,0.2016,A,A,walkway,4.31904761904762,8.357142857142858,E,F,waiting,0.2541666666666666,0.4583333333333333,A,C,walkway,0.0,0.0,A,A,walkway,0.0205555555555555,0.0666666666666666,A,A,walkway,0.2381944444444444,0.4583333333333333,A,C,walkway,0.0027777777777777,0.1666666666666666,A,A,walkway,0.0216666666666666,0.0666666666666666,A,A,walkway
p10_cfg5_s44,0.1,5,44,57.60074626865672,126.89999999999998,15.247460937500003,0.0835466666666666,0.1528,A,A,walkway,3.026190476190476,6.071428571428571,D,F,waiting,0.2805555555555556,0.7083333333333334,A,D,walkway,0.0,0.0,A,A,walkway,0.0233333333333333,0.0666666666666666,A,A,walkway,0.2583333333333333,0.5,A,C,walkway,0.0,0.0,A,A,walkway,0.0227777777777777,0.0666666666666666,A,A,walkway
p10_cfg5_s45,0.1,5,45,65.91353383458646,147.475,15.503373015873017,0.0974933333333333,0.1704,A,A,walkway,3.628571428571428,6.821428571428571,E,F,waiting,0.2791666666666667,0.625,A,C,walkway,0.0,0.0,A,A,walkway,0.0233333333333333,0.0666666666666666,A,A,walkway,0.2569444444444445,0.7083333333333334,A,D,walkway,0.0,0.0,A,A,walkway,0.0222222222222222,0.0666666666666666,A,A,walkway
p10_cfg5_s46,0.1,5,46,77.82070312500001,180.8,15.747560975609758,0.1146933333333333,0.204,A,A,walkway,4.329166666666667,8.178571428571429,E,F,waiting,0.25625,0.5,A,C,walkway,0.0,0.0,A,A,walkway,0.0211111111111111,0.0666666666666666,A,A,walkway,0.2680555555555555,0.5416666666666666,A,C,walkway,0.0,0.0,A,A,walkway,0.025,0.0666666666666666,A,A,walkway
p10_cfg6_s42,0.1,6,42,73.76620689655172,195.76,14.412949640287772,0.1411866666666666,0.2464,A,A,walkway,4.856547619047619,10.107142857142858,E,F,waiting,0.0444444444444444,0.2083333333333333,A,A,walkway,0.0,0.0,A,A,walkway,0.0044444444444444,0.0333333333333333,A,A,walkway,0.2354166666666666,0.5,A,C,walkway,0.0,0.0,A,A,walkway,0.0188888888888888,0.0666666666666666,A,A,walkway
p10_cfg6_s43,0.1,6,43,72.09134615384616,196.96250000000003,14.8125,0.1388266666666666,0.2528,A,A,walkway,4.734523809523809,10.071428571428571,E,F,waiting,0.0569444444444444,0.3333333333333333,A,B,walkway,0.0,0.0,A,A,walkway,0.0044444444444444,0.0333333333333333,A,A,walkway,0.2395833333333333,0.4583333333333333,A,C,walkway,0.0,0.0,A,A,walkway,0.0233333333333333,0.0666666666666666,A,A,walkway
p10_cfg6_s44,0.1,6,44,72.51820987654321,188.6975,15.305732484076437,0.1162266666666666,0.2112,A,A,walkway,4.004166666666666,8.25,E,F,waiting,0.0541666666666666,0.2916666666666667,A,A,walkway,0.0027777777777777,0.1666666666666666,A,A,walkway,0.005,0.0666666666666666,A,A,walkway,0.2715277777777778,0.5,A,C,walkway,0.0,0.0,A,A,walkway,0.0222222222222222,0.0666666666666666,A,A,walkway
p10_cfg6_s45,0.1,6,45,74.45766666666668,194.26249999999996,15.418750000000005,0.1344266666666666,0.236,A,A,walkway,4.563690476190476,9.678571428571429,E,F,waiting,0.0534722222222222,0.25,A,A,walkway,0.0,0.0,A,A,walkway,0.0038888888888888,0.0333333333333333,A,A,walkway,0.25,0.5833333333333334,A,C,walkway,0.0,0.0,A,A,walkway,0.0211111111111111,0.0666666666666666,A,A,walkway
p10_cfg6_s46,0.1,6,46,72.42953020134229,198.28,14.525000000000002,0.1469466666666667,0.2568,A,A,walkway,5.058928571428571,10.571428571428571,F,F,waiting,0.0465277777777777,0.2916666666666667,A,A,walkway,0.0,0.0,A,A,walkway,0.005,0.0333333333333333,A,A,walkway,0.2354166666666667,0.5416666666666666,A,C,walkway,0.0,0.0,A,A,walkway,0.025,0.0666666666666666,A,A,walkway
p30_cfg1_s42,0.3,1,42,17.039423076923075,62.12499999999999,23.447328244274807,0.05212,0.1216,A,A,walkway,0.9202380952380952,2.9285714285714284,B,D,waiting,0.2645833333333333,0.8333333333333334,A,D,walkway,0.325,1.5,B,E,walkway,0.0155555555555555,0.0333333333333333,A,A,walkway,0.6180555555555556,1.25,C,E,walkway,1.4027777777777777,4.0,E,F,walkway,0.025,0.0666666666666666,A,A,walkway
p30_cfg1_s43,0.3,1,43,15.94401408450704,57.34999999999998,22.903117206982547,0.0524533333333333,0.1216,A,A,walkway,0.881547619047619,3.071428571428572,B,D,waiting,0.275,0.7083333333333334,A,D,walkway,0.2611111111111111,1.0,A,D,walkway,0.015,0.0333333333333333,A,A,walkway,0.6069444444444444,1.25,C,E,walkway,1.5972222222222223,4.5,E,F,walkway,0.0244444444444444,0.0666666666666666,A,A,walkway
p30_cfg1_s44,0.3,1,44,13.952770448548808,53.755,22.8781512605042,0.0456133333333333,0.1136,A,A,walkway,0.7351190476190477,2.642857142857143,A,D,waiting,0.2215277777777778,0.7083333333333334,A,D,walkway,0.2361111111111111,1.0,A,D,walkway,0.0122222222222222,0.0333333333333333,A,A,walkway,0.5590277777777778,1.2916666666666667,C,E,walkway,1.3055555555555556,4.166666666666667,E,F,walkway,0.0233333333333333,0.0666666666666666,A,A,walkway
p30_cfg1_s45,0.3,1,45,14.19101941747573,51.17499999999999,22.892005076142134,0.04924,0.1136,A,A,walkway,0.7833333333333334,2.9642857142857144,A,D,waiting,0.2583333333333333,0.75,A,D,walkway,0.2722222222222222,1.1666666666666667,A,E,walkway,0.0144444444444444,0.0333333333333333,A,A,walkway,0.5499999999999999,1.4166666666666667,C,E,walkway,1.616666666666667,5.5,E,F,walkway,0.0244444444444444,0.1,A,A,walkway
p30_cfg1_s46,0.3,1,46,16.31611764705882,60.21999999999998,24.42942643391521,0.0558533333333333,0.1264,A,A,walkway,0.9797619047619048,3.2142857142857144,B,D,waiting,0.2631944444444444,0.75,A,D,walkway,0.2888888888888888,1.1666666666666667,A,E,walkway,0.0138888888888888,0.0333333333333333,A,A,walkway,0.6291666666666667,1.375,C,E,walkway,1.744444444444445,5.0,E,F,walkway,0.0261111111111111,0.0666666666666666,A,A,walkway
p30_cfg2_s42,0.3,2,42,10.588369304556355,29.390000000000008,23.83872901678657,0.04716,0.1224,A,A,walkway,0.6047619047619047,2.357142857142857,A,D,waiting,0.3638888888888889,0.9583333333333334,B,D,walkway,0.45,1.5,C,E,walkway,0.0172222222222222,0.0333333333333333,A,A,walkway,0.4645833333333333,1.25,C,E,walkway,1.772222222222222,4.833333333333333,E,F,walkway,0.0222222222222222,0.0666666666666666,A,A,walkway
p30_cfg2_s43,0.3,2,43,11.580633802816898,29.7125,23.651442307692307,0.0496133333333333,0.12,A,A,walkway,0.6678571428571428,2.75,A,D,waiting,0.3805555555555555,0.9166666666666666,B,D,walkway,0.425,1.6666666666666667,C,E,walkway,0.02,0.0333333333333333,A,A,walkway,0.4708333333333334,1.2083333333333333,C,E,walkway,1.847222222222222,5.166666666666667,E,F,walkway,0.0244444444444444,0.0666666666666666,A,A,walkway
p30_cfg2_s44,0.3,2,44,9.493979057591622,24.847499999999997,22.18651832460733,0.0414533333333333,0.1128,A,A,walkway,0.5142857142857142,2.4642857142857144,A,D,waiting,0.3381944444444444,0.9583333333333334,B,D,walkway,0.375,1.3333333333333333,B,E,walkway,0.0166666666666666,0.0333333333333333,A,A,walkway,0.4152777777777777,1.1666666666666667,C,E,walkway,1.3305555555555555,4.166666666666667,E,F,walkway,0.0194444444444444,0.0333333333333333,A,A,walkway
p30_cfg2_s45,0.3,2,45,9.464891041162227,21.989999999999984,23.58459657701712,0.04536,0.1128,A,A,walkway,0.5446428571428572,2.321428571428572,A,D,waiting,0.35625,0.9583333333333334,B,D,walkway,0.4138888888888888,1.5,C,E,walkway,0.0177777777777777,0.0333333333333333,A,A,walkway,0.4527777777777777,1.2916666666666667,C,E,walkway,1.8138888888888889,5.333333333333333,E,F,walkway,0.0261111111111111,0.0666666666666666,A,A,walkway
p30_cfg2_s46,0.3,2,46,10.18663594470046,27.43999999999997,23.83006993006993,0.0488933333333333,0.1248,A,A,walkway,0.6119047619047618,2.392857142857143,A,D,waiting,0.3756944444444444,0.9583333333333334,B,D,walkway,0.4833333333333334,1.6666666666666667,C,E,walkway,0.0177777777777777,0.0333333333333333,A,A,walkway,0.4868055555555556,1.25,C,E,walkway,1.8500000000000003,5.5,E,F,walkway,0.0244444444444444,0.0666666666666666,A,A,walkway
p30_cfg3_s42,0.3,3,42,17.620023980815347,50.08,20.31971153846154,0.0502533333333333,0.1232,A,A,walkway,0.943452380952381,3.357142857142857,B,E,waiting,0.3555555555555555,0.875,B,D,walkway,0.3055555555555555,1.0,B,D,walkway,0.0211111111111111,0.0333333333333333,A,A,walkway,0.4375,1.125,C,E,walkway,1.2444444444444445,3.6666666666666665,E,F,walkway,0.0216666666666666,0.0333333333333333,A,A,walkway
p30_cfg3_s43,0.3,3,43,18.46701877934272,54.8,20.04698795180723,0.0517066666666666,0.1224,A,A,walkway,1.0142857142857142,3.642857142857143,C,E,waiting,0.3625,0.7916666666666666,B,D,walkway,0.3888888888888889,1.1666666666666667,B,E,walkway,0.0183333333333333,0.0333333333333333,A,A,walkway,0.4458333333333334,1.2083333333333333,C,E,walkway,1.0888888888888888,3.8333333333333335,E,F,walkway,0.0205555555555555,0.0333333333333333,A,A,walkway
p30_cfg3_s44,0.3,3,44,13.91125654450262,47.01499999999998,18.603026315789474,0.0419333333333333,0.1128,A,A,walkway,0.7160714285714286,3.071428571428572,A,D,waiting,0.3180555555555555,0.7916666666666666,B,D,walkway,0.3,1.0,A,D,walkway,0.015,0.0333333333333333,A,A,walkway,0.3770833333333332,1.0,B,D,walkway,0.8944444444444443,3.0,D,F,walkway,0.0188888888888888,0.0333333333333333,A,A,walkway
p30_cfg3_s45,0.3,3,45,12.675786924939468,38.43000000000001,20.519370460048425,0.0457733333333333,0.1104,A,A,walkway,0.7130952380952382,2.5357142857142856,A,D,waiting,0.3444444444444444,0.875,B,D,walkway,0.3583333333333333,1.3333333333333333,B,E,walkway,0.0183333333333333,0.0333333333333333,A,A,walkway,0.4347222222222222,1.125,C,E,walkway,1.2472222222222222,3.8333333333333335,E,F,walkway,0.0216666666666666,0.0333333333333333,A,A,walkway
p30_cfg3_s46,0.3,3,46,16.033294930875574,46.3175,20.49338747099768,0.05028,0.1216,A,A,walkway,0.8988095238095237,3.1785714285714284,B,D,waiting,0.3548611111111111,0.9166666666666666,B,D,walkway,0.3361111111111111,1.0,B,D,walkway,0.0166666666666666,0.0333333333333333,A,A,walkway,0.4395833333333333,1.125,C,E,walkway,1.413888888888889,4.5,E,F,walkway,0.0244444444444444,0.0666666666666666,A,A,walkway
p30_cfg4_s42,0.3,4,42,26.145487804878048,70.82749999999999,17.531585677749362,0.0553066666666666,0.1248,A,A,walkway,1.392261904761905,3.5357142857142856,C,E,waiting,0.2743055555555556,0.8333333333333334,A,D,walkway,0.2305555555555555,1.0,A,D,walkway,0.0144444444444444,0.0333333333333333,A,A,walkway,0.4465277777777777,1.0416666666666667,C,E,walkway,0.7555555555555554,2.833333333333333,D,F,walkway,0.0216666666666666,0.0333333333333333,A,A,walkway
p30_cfg4_s43,0.3,4,43,25.113125,70.8725,17.61413612565445,0.0566933333333333,0.1264,A,A,walkway,1.4809523809523808,3.857142857142857,D,E,waiting,0.2708333333333332,0.8333333333333334,A,D,walkway,0.2444444444444444,1.0,A,D,walkway,0.0161111111111111,0.0333333333333333,A,A,walkway,0.4062499999999999,0.9583333333333334,C,D,walkway,0.8305555555555555,3.1666666666666665,D,F,walkway,0.02,0.0333333333333333,A,A,walkway
p30_cfg4_s44,0.3,4,44,23.189814814814813,65.445,16.713223140495867,0.04796,0.1128,A,A,walkway,1.136904761904762,3.107142857142857,C,D,waiting,0.2652777777777778,0.75,A,D,walkway,0.2249999999999999,1.0,A,D,walkway,0.0133333333333333,0.0333333333333333,A,A,walkway,0.3993055555555555,0.9583333333333334,B,D,walkway,0.575,1.8333333333333333,C,E,walkway,0.0194444444444444,0.0333333333333333,A,A,walkway
p30_cfg4_s45,0.3,4,45,25.71979949874687,71.165,15.962698412698412,0.0539333333333333,0.116,A,A,walkway,1.3934523809523809,3.571428571428572,C,E,waiting,0.2472222222222222,0.7083333333333334,A,D,walkway,0.1944444444444444,1.0,A,D,walkway,0.0144444444444444,0.0333333333333333,A,A,walkway,0.4000000000000001,0.7916666666666666,C,D,walkway,0.6305555555555554,1.8333333333333333,C,E,walkway,0.0222222222222222,0.0333333333333333,A,A,walkway
p30_cfg4_s46,0.3,4,46,28.024824355971894,80.51999999999998,16.83048780487805,0.0594266666666666,0.1272,A,A,walkway,1.5398809523809525,4.071428571428571,D,E,waiting,0.288888888888889,0.7916666666666666,A,D,walkway,0.2499999999999999,1.1666666666666667,A,E,walkway,0.0155555555555555,0.0333333333333333,A,A,walkway,0.4493055555555555,0.875,C,D,walkway,0.6777777777777776,1.8333333333333333,C,E,walkway,0.0205555555555555,0.0333333333333333,A,A,walkway
p30_cfg5_s42,0.3,5,42,36.7887323943662,114.93000000000002,18.20381231671555,0.0704533333333333,0.1376,A,A,walkway,2.2101190476190475,4.464285714285714,D,E,waiting,0.3590277777777778,0.8333333333333334,B,D,walkway,0.0,0.0,A,A,walkway,0.0327777777777777,0.0666666666666666,A,A,walkway,0.39375,1.125,B,E,walkway,0.0055555555555555,0.1666666666666666,A,A,walkway,0.0322222222222222,0.0666666666666666,A,A,walkway
p30_cfg5_s43,0.3,5,43,37.42840909090909,108.4175,16.60208955223881,0.0725466666666666,0.1464,A,A,walkway,2.3428571428571434,4.857142857142857,D,E,waiting,0.3361111111111111,0.7916666666666666,B,D,walkway,0.0,0.0,A,A,walkway,0.0283333333333333,0.0666666666666666,A,A,walkway,0.3743055555555556,1.0,B,D,walkway,0.0027777777777777,0.1666666666666666,A,A,walkway,0.0344444444444444,0.0666666666666666,A,A,walkway
p30_cfg5_s44,0.3,5,44,29.284900284900285,94.175,17.279056047197646,0.0564933333333333,0.1248,A,A,walkway,1.5583333333333331,3.5,D,E,waiting,0.3368055555555554,1.0,B,D,walkway,0.0,0.0,A,A,walkway,0.0266666666666666,0.0666666666666666,A,A,walkway,0.4166666666666667,1.0416666666666667,C,E,walkway,0.0,0.0,A,A,walkway,0.035,0.0666666666666666,A,A,walkway
p30_cfg5_s45,0.3,5,45,42.511212121212125,123.58750000000002,15.568829113924052,0.0753333333333333,0.1408,A,A,walkway,2.5375,4.857142857142857,D,E,waiting,0.3256944444444444,0.7916666666666666,B,D,walkway,0.0027777777777777,0.1666666666666666,A,A,walkway,0.03,0.0666666666666666,A,A,walkway,0.3201388888888888,0.875,B,D,walkway,0.0,0.0,A,A,walkway,0.0305555555555555,0.0666666666666666,A,A,walkway
p30_cfg5_s46,0.3,5,46,44.47536443148688,140.745,16.155891238670698,0.0825999999999999,0.1568,A,A,walkway,2.799404761904761,5.214285714285714,D,F,waiting,0.3277777777777778,0.8333333333333334,B,D,walkway,0.0027777777777777,0.1666666666666666,A,A,walkway,0.0288888888888888,0.0666666666666666,A,A,walkway,0.3652777777777777,0.9583333333333334,B,D,walkway,0.0,0.0,A,A,walkway,0.0322222222222222,0.0666666666666666,A,A,walkway
p30_cfg6_s42,0.3,6,42,46.7702868852459,182.68750000000003,15.32257383966245,0.1036133333333333,0.1936,A,A,walkway,3.5577380952380957,6.892857142857143,E,F,waiting,0.1395833333333333,0.625,A,C,walkway,0.0,0.0,A,A,walkway,0.0133333333333333,0.0666666666666666,A,A,walkway,0.3326388888888889,0.7916666666666666,B,D,walkway,0.0055555555555555,0.1666666666666666,A,A,walkway,0.0305555555555555,0.0666666666666666,A,A,walkway
p30_cfg6_s43,0.3,6,43,51.02671232876713,189.81500000000003,15.036792452830191,0.1159466666666666,0.2128,A,A,walkway,4.025595238095238,8.0,E,F,waiting,0.1305555555555555,0.5416666666666666,A,C,walkway,0.0,0.0,A,A,walkway,0.0116666666666666,0.0666666666666666,A,A,walkway,0.2965277777777777,0.625,A,C,walkway,0.0027777777777777,0.1666666666666666,A,A,walkway,0.0277777777777777,0.0666666666666666,A,A,walkway
p30_cfg6_s44,0.3,6,44,52.14765258215963,189.16,15.576328502415462,0.0967066666666666,0.184,A,A,walkway,3.375,6.714285714285714,E,F,waiting,0.1138888888888888,0.5833333333333334,A,C,walkway,0.0,0.0,A,A,walkway,0.0116666666666666,0.0666666666666666,A,A,walkway,0.3090277777777778,0.75,B,D,walkway,0.0,0.0,A,A,walkway,0.0294444444444444,0.0666666666666666,A,A,walkway
p30_cfg6_s45,0.3,6,45,49.30879828326181,187.01,15.877678571428577,0.10328,0.1856,A,A,walkway,3.5589285714285714,7.142857142857143,E,F,waiting,0.1458333333333333,0.7083333333333334,A,D,walkway,0.0027777777777777,0.1666666666666666,A,A,walkway,0.0138888888888888,0.0666666666666666,A,A,walkway,0.3326388888888889,0.8333333333333334,B,D,walkway,0.0,0.0,A,A,walkway,0.0277777777777777,0.0666666666666666,A,A,walkway
p30_cfg6_s46,0.3,6,46,45.72083333333333,186.3225,15.502036199095024,0.1191066666666666,0.2152,A,A,walkway,4.131547619047619,7.928571428571429,E,F,waiting,0.1534722222222222,0.7916666666666666,A,D,walkway,0.0,0.0,A,A,walkway,0.0138888888888888,0.0666666666666666,A,A,walkway,0.3041666666666666,0.6666666666666666,B,C,walkway,0.0,0.0,A,A,walkway,0.0266666666666666,0.0666666666666666,A,A,walkway
p50_cfg1_s42,0.5,1,42,25.76833333333333,94.9625,21.68195266272189,0.06568,0.1264,A,A,walkway,1.7124999999999997,3.4285714285714284,D,E,waiting,0.1645833333333333,0.625,A,C,walkway,0.1416666666666666,0.8333333333333334,A,D,walkway,0.0077777777777777,0.0333333333333333,A,A,walkway,0.5645833333333333,1.0833333333333333,C,E,walkway,1.063888888888889,4.166666666666667,E,F,walkway,0.0222222222222222,0.0333333333333333,A,A,walkway
p50_cfg1_s43,0.5,1,43,19.992875989445903,79.62999999999997,22.311971830985915,0.0613066666666666,0.1256,A,A,walkway,1.3523809523809525,2.892857142857143,C,D,waiting,0.21875,0.7916666666666666,A,D,walkway,0.2138888888888889,0.8333333333333334,A,D,walkway,0.0116666666666666,0.0333333333333333,A,A,walkway,0.5909722222222223,1.2083333333333333,C,E,walkway,1.0305555555555557,3.6666666666666665,E,F,walkway,0.0216666666666666,0.0333333333333333,A,A,walkway
p50_cfg1_s44,0.5,1,44,19.01878531073446,73.54249999999998,21.061011904761905,0.0508533333333333,0.1128,A,A,walkway,1.0946428571428573,2.607142857142857,C,D,waiting,0.1743055555555555,0.625,A,C,walkway,0.1388888888888888,0.8333333333333334,A,D,walkway,0.0116666666666666,0.0333333333333333,A,A,walkway,0.5256944444444445,1.125,C,E,walkway,1.0555555555555556,3.8333333333333335,E,F,walkway,0.0205555555555555,0.0333333333333333,A,A,walkway
p50_cfg1_s45,0.5,1,45,25.94598337950138,96.35,21.299704142011837,0.0640266666666666,0.1264,A,A,walkway,1.6482142857142856,3.321428571428572,D,E,waiting,0.1777777777777777,0.625,A,C,walkway,0.1305555555555555,0.6666666666666666,A,C,walkway,0.0105555555555555,0.0333333333333333,A,A,walkway,0.56875,1.2083333333333333,C,E,walkway,0.9555555555555556,3.5,D,F,walkway,0.0233333333333333,0.0333333333333333,A,A,walkway
p50_cfg1_s46,0.5,1,46,30.04777777777777,111.0625,20.94424778761062,0.0733333333333333,0.1472,A,A,walkway,2.033333333333333,3.892857142857143,D,E,waiting,0.1868055555555555,0.6666666666666666,A,C,walkway,0.1472222222222222,0.8333333333333334,A,D,walkway,0.0111111111111111,0.0333333333333333,A,A,walkway,0.5548611111111111,1.2083333333333333,C,E,walkway,0.8999999999999999,3.6666666666666665,D,F,walkway,0.0222222222222222,0.0333333333333333,A,A,walkway
p50_cfg2_s42,0.5,2,42,14.638249400479614,51.27999999999999,22.72907542579076,0.0499866666666666,0.124,A,A,walkway,0.8119047619047618,2.857142857142857,B,D,waiting,0.3944444444444445,0.9166666666666666,B,D,walkway,0.3388888888888889,1.3333333333333333,B,E,walkway,0.0183333333333333,0.0333333333333333,A,A,walkway,0.5069444444444444,1.2083333333333333,C,E,walkway,1.3055555555555558,4.166666666666667,E,F,walkway,0.0227777777777777,0.0666666666666666,A,A,walkway
p50_cfg2_s43,0.5,2,43,15.566549295774644,49.4375,22.970361445783134,0.0517733333333333,0.1208,A,A,walkway,0.8589285714285714,2.892857142857143,B,D,waiting,0.4104166666666666,0.875,C,D,walkway,0.3972222222222222,1.3333333333333333,B,E,walkway,0.0188888888888888,0.0333333333333333,A,A,walkway,0.50625,1.2916666666666667,C,E,walkway,1.3722222222222225,4.833333333333333,E,F,walkway,0.0211111111111111,0.0333333333333333,A,A,walkway
p50_cfg2_s44,0.5,2,44,14.071073298429315,43.13749999999997,24.52547169811321,0.0477999999999999,0.116,A,A,walkway,0.7148809523809523,2.9285714285714284,A,D,waiting,0.4388888888888889,1.0416666666666667,C,E,walkway,0.3416666666666668,1.1666666666666667,B,E,walkway,0.0166666666666666,0.0333333333333333,A,A,walkway,0.5180555555555555,1.2083333333333333,C,E,walkway,0.9694444444444446,2.833333333333333,D,F,walkway,0.0183333333333333,0.0333333333333333,A,A,walkway
p50_cfg2_s45,0.5,2,45,12.743825665859566,38.85999999999999,25.661625000000004,0.0518933333333333,0.116,A,A,walkway,0.7017857142857143,2.642857142857143,A,D,waiting,0.425,0.9583333333333334,C,D,walkway,0.3777777777777779,1.1666666666666667,B,E,walkway,0.0183333333333333,0.0333333333333333,A,A,walkway,0.5888888888888888,1.5416666666666667,C,E,walkway,1.5222222222222224,3.8333333333333335,E,F,walkway,0.0188888888888888,0.0333333333333333,A,A,walkway
p50_cfg2_s46,0.5,2,46,17.89596774193548,55.70249999999998,25.903063725490192,0.05912,0.1304,A,A,walkway,1.006547619047619,3.2142857142857144,C,D,waiting,0.4555555555555556,1.0,C,D,walkway,0.438888888888889,1.5,C,E,walkway,0.0177777777777777,0.0333333333333333,A,A,walkway,0.6159722222222223,1.4583333333333333,C,E,walkway,1.3805555555555555,4.166666666666667,E,F,walkway,0.0194444444444444,0.0333333333333333,A,A,walkway
p50_cfg3_s42,0.5,3,42,10.027697841726615,29.48,29.861822660098525,0.0562266666666666,0.1272,A,A,walkway,0.5916666666666667,2.4285714285714284,A,D,waiting,0.4493055555555555,1.0833333333333333,C,E,walkway,0.4861111111111112,1.5,C,E,walkway,0.0183333333333333,0.0333333333333333,A,A,walkway,0.6916666666666668,1.8333333333333333,C,E,walkway,1.9194444444444445,5.5,E,F,walkway,0.0205555555555555,0.0333333333333333,A,A,walkway
p50_cfg3_s43,0.5,3,43,8.106338028169013,22.325000000000003,30.304645476772617,0.0557333333333333,0.124,A,A,walkway,0.5011904761904762,2.2142857142857144,A,D,waiting,0.4368055555555555,1.1666666666666667,C,E,walkway,0.5277777777777779,1.6666666666666667,C,E,walkway,0.0188888888888888,0.0333333333333333,A,A,walkway,0.7118055555555556,1.9166666666666667,D,E,walkway,2.1416666666666666,5.333333333333333,F,F,walkway,0.0244444444444444,0.0333333333333333,A,A,walkway
p50_cfg3_s44,0.5,3,44,8.017146596858638,21.84499999999999,27.856164383561644,0.04788,0.1136,A,A,walkway,0.444047619047619,2.2142857142857144,A,D,waiting,0.3527777777777778,1.125,B,E,walkway,0.4138888888888888,1.6666666666666667,C,E,walkway,0.0144444444444444,0.0333333333333333,A,A,walkway,0.6236111111111112,1.7083333333333333,C,E,walkway,1.7611111111111113,5.0,E,F,walkway,0.02,0.0333333333333333,A,A,walkway
p50_cfg3_s45,0.5,3,45,7.781113801452783,21.52,30.58413098236776,0.0544933333333333,0.1176,A,A,walkway,0.475595238095238,2.107142857142857,A,D,waiting,0.4125,1.0833333333333333,C,E,walkway,0.538888888888889,2.1666666666666665,C,F,walkway,0.0188888888888888,0.0333333333333333,A,A,walkway,0.7194444444444446,1.7916666666666667,D,E,walkway,2.0305555555555554,5.0,F,F,walkway,0.0227777777777777,0.0333333333333333,A,A,walkway
p50_cfg3_s46,0.5,3,46,9.483410138248846,24.63749999999999,31.294430992736075,0.05916,0.1288,A,A,walkway,0.5738095238095239,2.5,A,D,waiting,0.4527777777777778,1.1666666666666667,C,E,walkway,0.5277777777777778,1.8333333333333333,C,E,walkway,0.0183333333333333,0.0333333333333333,A,A,walkway,0.7590277777777777,1.875,D,E,walkway,2.3222222222222224,5.833333333333333,F,F,walkway,0.0216666666666666,0.0333333333333333,A,A,walkway
p50_cfg4_s42,0.5,4,42,11.78345323741007,40.83,29.30433168316832,0.0560666666666666,0.1272,A,A,walkway,0.6744047619047618,2.7857142857142856,A,D,waiting,0.4451388888888888,1.2916666666666667,C,E,walkway,0.5083333333333333,1.8333333333333333,C,E,walkway,0.0177777777777777,0.0333333333333333,A,A,walkway,0.6562500000000001,1.5833333333333333,C,E,walkway,1.8861111111111115,4.5,E,F,walkway,0.02,0.0333333333333333,A,A,walkway
p50_cfg4_s43,0.5,4,43,15.148591549295771,52.0875,27.0132911392405,0.0569733333333333,0.1256,A,A,walkway,0.8494047619047618,2.9285714285714284,B,D,waiting,0.3868055555555555,1.0416666666666667,B,E,walkway,0.4611111111111111,1.8333333333333333,C,E,walkway,0.0155555555555555,0.0333333333333333,A,A,walkway,0.6583333333333332,1.4583333333333333,C,E,walkway,1.7555555555555558,4.333333333333333,E,F,walkway,0.0183333333333333,0.0333333333333333,A,A,walkway
p50_cfg4_s44,0.5,4,44,9.446858638743455,31.83750000000002,28.238440860215057,0.0481199999999999,0.116,A,A,walkway,0.5059523809523809,2.071428571428572,A,D,waiting,0.38125,1.25,B,E,walkway,0.4388888888888889,1.8333333333333333,C,E,walkway,0.0166666666666666,0.0333333333333333,A,A,walkway,0.5944444444444446,1.4583333333333333,C,E,walkway,1.7055555555555555,4.333333333333333,E,F,walkway,0.0216666666666666,0.0333333333333333,A,A,walkway
p50_cfg4_s45,0.5,4,45,10.333171912832931,38.010000000000005,28.942564102564106,0.05432,0.1208,A,A,walkway,0.6095238095238095,2.357142857142857,A,D,waiting,0.4395833333333333,1.2083333333333333,C,E,walkway,0.4749999999999999,1.6666666666666667,C,E,walkway,0.0144444444444444,0.0333333333333333,A,A,walkway,0.638888888888889,1.5833333333333333,C,E,walkway,1.8888888888888888,4.666666666666667,E,F,walkway,0.0183333333333333,0.0333333333333333,A,A,walkway
p50_cfg4_s46,0.5,4,46,14.871082949308754,48.95250000000002,28.705,0.0600933333333333,0.1304,A,A,walkway,0.8595238095238095,2.9285714285714284,B,D,waiting,0.4354166666666667,1.125,C,E,walkway,0.4472222222222223,1.5,C,E,walkway,0.0188888888888888,0.0333333333333333,A,A,walkway,0.7131944444444444,1.6666666666666667,D,E,walkway,1.9277777777777776,4.166666666666667,E,F,walkway,0.0211111111111111,0.0333333333333333,A,A,walkway
p50_cfg5_s42,0.5,5,42,20.418915662650605,76.81499999999996,20.518905472636817,0.0513599999999999,0.1232,A,A,walkway,1.1178571428571429,3.107142857142857,C,D,waiting,0.4319444444444444,1.0833333333333333,C,E,walkway,0.0,0.0,A,A,walkway,0.0338888888888888,0.0666666666666666,A,A,walkway,0.5187499999999999,1.2916666666666667,C,E,walkway,0.0083333333333333,0.1666666666666666,A,A,walkway,0.04,0.0666666666666666,A,A,walkway
p50_cfg5_s43,0.5,5,43,16.102676399026763,62.25,23.04345088161209,0.0509733333333333,0.1248,A,A,walkway,1.0017857142857145,2.7857142857142856,C,D,waiting,0.41875,1.0833333333333333,C,E,walkway,0.0,0.0,A,A,walkway,0.0349999999999999,0.0666666666666666,A,A,walkway,0.617361111111111,1.625,C,E,walkway,0.0194444444444444,0.3333333333333333,A,B,walkway,0.0416666666666666,0.0666666666666666,A,A,walkway
p50_cfg5_s44,0.5,5,44,18.33482384823849,69.54999999999997,19.195786516853936,0.0453466666666666,0.1128,A,A,walkway,1.0017857142857145,2.642857142857143,C,D,waiting,0.3708333333333334,1.0833333333333333,B,E,walkway,0.0,0.0,A,A,walkway,0.0316666666666666,0.0666666666666666,A,A,walkway,0.4354166666666667,1.2916666666666667,C,E,walkway,0.0055555555555555,0.1666666666666666,A,A,walkway,0.0377777777777777,0.0666666666666666,A,A,walkway
p50_cfg5_s45,0.5,5,45,22.13935064935065,82.07,19.74327956989248,0.0542799999999999,0.12,A,A,walkway,1.3345238095238097,2.857142857142857,C,D,waiting,0.386111111111111,1.0416666666666667,B,E,walkway,0.0,0.0,A,A,walkway,0.0322222222222222,0.0666666666666666,A,A,walkway,0.486111111111111,1.4166666666666667,C,E,walkway,0.0222222222222222,0.1666666666666666,A,A,walkway,0.0377777777777777,0.0666666666666666,A,A,walkway
p50_cfg5_s46,0.5,5,46,19.26498829039813,77.04,21.81077481840194,0.0533999999999999,0.1256,A,A,walkway,1.131547619047619,3.142857142857143,C,D,waiting,0.4201388888888889,1.0416666666666667,C,E,walkway,0.0,0.0,A,A,walkway,0.0361111111111111,0.0666666666666666,A,A,walkway,0.5868055555555556,1.4583333333333333,C,E,walkway,0.0138888888888888,0.1666666666666666,A,A,walkway,0.0433333333333333,0.0666666666666666,A,A,walkway
p50_cfg6_s42,0.5,6,42,33.93958333333334,176.3925,19.1044262295082,0.0823866666666666,0.16,A,A,walkway,2.680357142857143,4.928571428571429,D,E,waiting,0.2375,1.0,A,D,walkway,0.0,0.0,A,A,walkway,0.0194444444444444,0.0666666666666666,A,A,walkway,0.4430555555555555,1.2083333333333333,C,E,walkway,0.0083333333333333,0.1666666666666666,A,A,walkway,0.0355555555555555,0.0666666666666666,A,A,walkway
p50_cfg6_s43,0.5,6,43,33.31006289308176,177.85249999999994,19.266293929712464,0.0784,0.1616,A,A,walkway,2.520833333333333,4.75,D,E,waiting,0.2569444444444444,0.875,A,D,walkway,0.0,0.0,A,A,walkway,0.0211111111111111,0.0666666666666666,A,A,walkway,0.4381944444444444,1.1666666666666667,C,E,walkway,0.0055555555555555,0.1666666666666666,A,A,walkway,0.0366666666666666,0.0666666666666666,A,A,walkway
p50_cfg6_s44,0.5,6,44,31.18733333333333,145.7425,19.492294520547947,0.0651866666666666,0.1384,A,A,walkway,2.013095238095238,3.928571428571429,D,E,waiting,0.2236111111111111,0.9583333333333334,A,D,walkway,0.0055555555555555,0.1666666666666666,A,A,walkway,0.02,0.0666666666666666,A,A,walkway,0.4395833333333333,1.4166666666666667,C,E,walkway,0.0111111111111111,0.1666666666666666,A,A,walkway,0.0361111111111111,0.0666666666666666,A,A,walkway
p50_cfg6_s45,0.5,6,45,33.54697452229299,173.23999999999995,18.433387096774197,0.0762799999999999,0.1504,A,A,walkway,2.472619047619048,4.607142857142857,D,E,waiting,0.2479166666666666,0.9583333333333334,A,D,walkway,0.0,0.0,A,A,walkway,0.0211111111111111,0.0666666666666666,A,A,walkway,0.4180555555555555,1.0833333333333333,C,E,walkway,0.0027777777777777,0.1666666666666666,A,A,walkway,0.035,0.0666666666666666,A,A,walkway
p50_cfg6_s46,0.5,6,46,35.39369085173502,173.62999999999997,19.023948220064728,0.0821466666666666,0.156,A,A,walkway,2.614880952380952,5.0,D,E,waiting,0.2402777777777777,0.9583333333333334,A,D,walkway,0.0,0.0,A,A,walkway,0.0216666666666666,0.0666666666666666,A,A,walkway,0.4611111111111111,1.25,C,E,walkway,0.0027777777777777,0.1666666666666666,A,A,walkway,0.0366666666666666,0.0666666666666666,A,A,walkway
p70_cfg1_s42,0.7,1,42,48.16236933797909,163.47499999999997,23.29367816091954,0.0982533333333333,0.1736,A,A,walkway,3.003571428571429,5.75,D,F,waiting,0.1138888888888888,0.5416666666666666,A,C,walkway,0.1083333333333333,0.5,A,C,walkway,0.005,0.0333333333333333,A,A,walkway,0.5659722222222222,1.125,C,E,walkway,0.6305555555555556,2.333333333333333,C,F,walkway,0.0183333333333333,0.0333333333333333,A,A,walkway
p70_cfg1_s43,0.7,1,43,54.70992217898833,170.75,21.87760869565217,0.10672,0.1952,A,A,walkway,3.293452380952381,6.75,D,F,waiting,0.0875,0.3333333333333333,A,B,walkway,0.0666666666666666,0.3333333333333333,A,B,walkway,0.005,0.0333333333333333,A,A,walkway,0.5006944444444444,0.8333333333333334,C,D,walkway,0.4583333333333332,1.3333333333333333,C,E,walkway,0.0172222222222222,0.0333333333333333,A,A,walkway
p70_cfg1_s44,0.7,1,44,48.37298850574713,145.14999999999998,22.598516949152543,0.0875466666666666,0.1648,A,A,walkway,2.660714285714285,5.357142857142857,D,F,waiting,0.1055555555555555,0.5833333333333334,A,C,walkway,0.1,0.5,A,C,walkway,0.0055555555555555,0.0333333333333333,A,A,walkway,0.5020833333333333,0.875,C,D,walkway,0.511111111111111,1.8333333333333333,C,E,walkway,0.0127777777777777,0.0333333333333333,A,A,walkway
p70_cfg1_s45,0.7,1,45,45.21859649122807,145.39999999999998,22.368918918918915,0.0912266666666666,0.164,A,A,walkway,2.7291666666666665,5.5,D,F,waiting,0.1194444444444444,0.5,A,C,walkway,0.0888888888888888,0.6666666666666666,A,C,walkway,0.0066666666666666,0.0333333333333333,A,A,walkway,0.5361111111111111,1.0,C,D,walkway,0.5805555555555555,2.1666666666666665,C,F,walkway,0.0188888888888888,0.0333333333333333,A,A,walkway
p70_cfg1_s46,0.7,1,46,53.76274131274131,169.825,22.70797413793104,0.1120533333333333,0.2,A,A,walkway,3.461904761904762,7.0,E,F,waiting,0.0986111111111111,0.4166666666666667,A,C,walkway,0.0638888888888888,0.5,A,C,walkway,0.0055555555555555,0.0333333333333333,A,A,walkway,0.5097222222222223,0.9583333333333334,C,D,walkway,0.4833333333333333,1.6666666666666667,C,E,walkway,0.0194444444444444,0.0333333333333333,A,A,walkway
p70_cfg2_s42,0.7,2,42,27.180076142131977,74.835,20.50702479338843,0.0619066666666666,0.1288,A,A,walkway,1.5208333333333337,3.607142857142857,D,E,waiting,0.4027777777777777,0.7916666666666666,C,D,walkway,0.2750000000000001,1.0,A,D,walkway,0.0177777777777777,0.0333333333333333,A,A,walkway,0.4520833333333333,1.0416666666666667,C,E,walkway,0.511111111111111,2.0,C,E,walkway,0.0161111111111111,0.0333333333333333,A,A,walkway
p70_cfg2_s43,0.7,2,43,26.82208737864077,75.49749999999999,22.033957219251334,0.0630266666666666,0.1264,A,A,walkway,1.486904761904762,3.642857142857143,D,E,waiting,0.43125,0.875,C,D,walkway,0.3055555555555556,1.1666666666666667,B,E,walkway,0.0172222222222222,0.0333333333333333,A,A,walkway,0.5055555555555555,1.0833333333333333,C,E,walkway,0.6500000000000001,2.333333333333333,C,F,walkway,0.0177777777777777,0.0333333333333333,A,A,walkway
p70_cfg2_s44,0.7,2,44,22.470789473684206,64.05749999999999,22.486389684813755,0.05256,0.1216,A,A,walkway,1.0869047619047616,3.1785714285714284,C,D,waiting,0.4041666666666667,1.0416666666666667,C,E,walkway,0.2916666666666667,1.3333333333333333,A,E,walkway,0.0155555555555555,0.0333333333333333,A,A,walkway,0.4666666666666667,1.0833333333333333,C,E,walkway,0.6972222222222223,2.5,C,F,walkway,0.0183333333333333,0.0333333333333333,A,A,walkway
p70_cfg2_s45,0.7,2,45,26.778358208955225,75.50999999999999,21.39182561307902,0.0616533333333333,0.124,A,A,walkway,1.4208333333333336,3.571428571428572,D,E,waiting,0.4347222222222222,0.9583333333333334,C,D,walkway,0.2888888888888889,1.0,A,D,walkway,0.0177777777777777,0.0333333333333333,A,A,walkway,0.4736111111111111,0.9166666666666666,C,D,walkway,0.5805555555555557,1.6666666666666667,C,E,walkway,0.0166666666666666,0.0333333333333333,A,A,walkway
p70_cfg2_s46,0.7,2,46,31.00367298578199,87.43999999999998,21.316015625,0.0691866666666666,0.1352,A,A,walkway,1.7125,4.0,D,E,waiting,0.423611111111111,0.9583333333333334,C,D,walkway,0.2555555555555555,1.1666666666666667,A,E,walkway,0.0194444444444444,0.0333333333333333,A,A,walkway,0.5104166666666666,1.0833333333333333,C,E,walkway,0.6944444444444444,2.5,C,F,walkway,0.0211111111111111,0.0333333333333333,A,A,walkway
p70_cfg3_s42,0.7,3,42,13.262350119904076,40.26000000000002,28.864819587628865,0.05668,0.1248,A,A,walkway,0.7345238095238095,3.071428571428572,A,D,waiting,0.3791666666666667,1.0,B,D,walkway,0.2972222222222223,1.1666666666666667,A,E,walkway,0.015,0.0333333333333333,A,A,walkway,0.7916666666666665,1.6666666666666667,D,E,walkway,1.711111111111111,4.0,E,F,walkway,0.0188888888888888,0.0333333333333333,A,A,walkway
p70_cfg3_s43,0.7,3,43,13.85915492957746,38.83749999999998,29.01675126903553,0.0582533333333333,0.1256,A,A,walkway,0.7726190476190476,3.1785714285714284,A,D,waiting,0.3736111111111111,1.0416666666666667,B,E,walkway,0.275,1.1666666666666667,A,E,walkway,0.0144444444444444,0.0333333333333333,A,A,walkway,0.7854166666666668,1.625,D,E,walkway,2.075,4.833333333333333,F,F,walkway,0.0205555555555555,0.0333333333333333,A,A,walkway
p70_cfg3_s44,0.7,3,44,12.674345549738218,37.892500000000005,27.17803867403315,0.0498933333333333,0.116,A,A,walkway,0.65,2.892857142857143,A,D,waiting,0.3527777777777778,1.0416666666666667,B,E,walkway,0.3138888888888889,1.3333333333333333,B,E,walkway,0.0144444444444444,0.0333333333333333,A,A,walkway,0.6958333333333333,1.4583333333333333,C,E,walkway,1.341666666666667,3.0,E,F,walkway,0.02,0.0333333333333333,A,A,walkway
p70_cfg3_s45,0.7,3,45,16.519854721549635,45.32999999999998,28.543848167539267,0.0584,0.1224,A,A,walkway,0.8773809523809525,3.2142857142857144,B,D,waiting,0.3666666666666667,0.9166666666666666,B,D,walkway,0.2805555555555556,1.1666666666666667,A,E,walkway,0.0166666666666666,0.0333333333333333,A,A,walkway,0.79375,1.5833333333333333,D,E,walkway,1.5916666666666666,3.8333333333333335,E,F,walkway,0.0211111111111111,0.0333333333333333,A,A,walkway
p70_cfg3_s46,0.7,3,46,17.182834101382486,46.77499999999998,29.626178660049632,0.0632133333333333,0.1312,A,A,walkway,0.9577380952380952,3.392857142857143,B,E,waiting,0.3729166666666667,0.9166666666666666,B,D,walkway,0.2861111111111112,1.0,A,D,walkway,0.0183333333333333,0.0333333333333333,A,A,walkway,0.8708333333333335,1.6666666666666667,D,E,walkway,1.9388888888888889,3.8333333333333335,E,F,walkway,0.02,0.0333333333333333,A,A,walkway
p70_cfg4_s42,0.7,4,42,8.023381294964027,23.27,30.127272727272725,0.0538666666666666,0.1232,A,A,walkway,0.4928571428571428,2.392857142857143,A,D,waiting,0.51875,1.25,C,E,walkway,0.6250000000000001,2.1666666666666665,C,F,walkway,0.0188888888888888,0.0333333333333333,A,A,walkway,0.6458333333333334,1.625,C,E,walkway,1.7555555555555555,4.666666666666667,E,F,walkway,0.02,0.0333333333333333,A,A,walkway
p70_cfg4_s43,0.7,4,43,8.093075117370889,21.7,30.331784841075795,0.05552,0.124,A,A,walkway,0.4946428571428571,2.2142857142857144,A,D,waiting,0.5340277777777778,1.375,C,E,walkway,0.6222222222222223,2.1666666666666665,C,F,walkway,0.0188888888888888,0.0333333333333333,A,A,walkway,0.6763888888888888,1.6666666666666667,C,E,walkway,1.8444444444444448,5.0,E,F,walkway,0.0227777777777777,0.0333333333333333,A,A,walkway
p70_cfg4_s44,0.7,4,44,5.107329842931934,13.1325,28.38580901856764,0.0451866666666666,0.1104,A,A,walkway,0.3303571428571428,1.6071428571428572,A,D,waiting,0.4423611111111111,1.3333333333333333,C,E,walkway,0.4805555555555555,1.8333333333333333,C,E,walkway,0.015,0.0333333333333333,A,A,walkway,0.5562499999999999,1.625,C,E,walkway,1.5944444444444446,4.5,E,F,walkway,0.0194444444444444,0.0333333333333333,A,A,walkway
p70_cfg4_s45,0.7,4,45,7.029661016949151,17.669999999999987,30.473934837092727,0.0531333333333333,0.12,A,A,walkway,0.4375,1.9642857142857144,A,D,waiting,0.5145833333333333,1.3333333333333333,C,E,walkway,0.6833333333333333,2.0,C,E,walkway,0.0172222222222222,0.0333333333333333,A,A,walkway,0.632638888888889,1.6666666666666667,C,E,walkway,1.819444444444444,4.666666666666667,E,F,walkway,0.0211111111111111,0.0333333333333333,A,A,walkway
p70_cfg4_s46,0.7,4,46,7.7635944700460815,19.072499999999984,31.54068396226415,0.05712,0.1256,A,A,walkway,0.4857142857142857,2.1785714285714284,A,D,waiting,0.546527777777778,1.4166666666666667,C,E,walkway,0.6083333333333333,2.0,C,E,walkway,0.0183333333333333,0.0333333333333333,A,A,walkway,0.6965277777777779,1.8333333333333333,C,E,walkway,2.033333333333333,5.666666666666667,F,F,walkway,0.0205555555555555,0.0333333333333333,A,A,walkway
p70_cfg5_s42,0.7,5,42,7.673621103117503,32.910000000000004,29.171875,0.0473733333333333,0.1208,A,A,walkway,0.4910714285714286,2.142857142857143,A,D,waiting,0.4597222222222222,1.2083333333333333,C,E,walkway,0.0194444444444444,0.1666666666666666,A,A,walkway,0.035,0.0666666666666666,A,A,walkway,0.8527777777777776,2.125,D,F,walkway,0.0777777777777777,0.5,A,C,walkway,0.0444444444444444,0.0666666666666666,A,A,walkway
p70_cfg5_s43,0.7,5,43,7.68650234741784,35.150000000000006,27.989786223277907,0.0467866666666666,0.1136,A,A,walkway,0.4958333333333333,2.071428571428572,A,D,waiting,0.467361111111111,1.2916666666666667,C,E,walkway,0.0,0.0,A,A,walkway,0.0355555555555555,0.0666666666666666,A,A,walkway,0.8444444444444446,2.208333333333333,D,F,walkway,0.0555555555555555,0.3333333333333333,A,B,walkway,0.0433333333333333,0.0666666666666666,A,A,walkway
p70_cfg5_s44,0.7,5,44,5.970287958115183,21.137500000000003,27.639267015706807,0.04068,0.1112,A,A,walkway,0.3720238095238095,1.5714285714285714,A,D,waiting,0.4208333333333333,1.375,C,E,walkway,0.0083333333333333,0.1666666666666666,A,A,walkway,0.0311111111111111,0.0666666666666666,A,A,walkway,0.7347222222222222,1.9583333333333333,D,E,walkway,0.0444444444444444,0.3333333333333333,A,B,walkway,0.0405555555555555,0.0666666666666666,A,A,walkway
p70_cfg5_s45,0.7,5,45,6.472639225181595,26.15,27.29150485436893,0.0442933333333333,0.112,A,A,walkway,0.4291666666666666,1.7142857142857142,A,D,waiting,0.4368055555555555,1.2083333333333333,C,E,walkway,0.0055555555555555,0.1666666666666666,A,A,walkway,0.035,0.0666666666666666,A,A,walkway,0.7923611111111112,1.9583333333333333,D,E,walkway,0.0611111111111111,0.3333333333333333,A,B,walkway,0.0438888888888889,0.0666666666666666,A,A,walkway
p70_cfg5_s46,0.7,5,46,8.119354838709675,36.05499999999999,28.248014018691592,0.0486933333333333,0.1216,A,A,walkway,0.5273809523809524,2.2142857142857144,A,D,waiting,0.4472222222222222,1.125,C,E,walkway,0.0,0.0,A,A,walkway,0.0361111111111111,0.0666666666666666,A,A,walkway,0.8868055555555557,2.1666666666666665,D,F,walkway,0.0666666666666666,0.5,A,C,walkway,0.0455555555555555,0.0666666666666666,A,A,walkway
p70_cfg6_s42,0.7,6,42,12.942241379310342,71.88749999999999,25.78693467336684,0.0502533333333333,0.1248,A,A,walkway,0.8333333333333333,2.25,B,D,waiting,0.386111111111111,1.2916666666666667,B,E,walkway,0.0055555555555555,0.1666666666666666,A,A,walkway,0.0283333333333333,0.0666666666666666,A,A,walkway,0.7347222222222223,1.75,D,E,walkway,0.0305555555555555,0.1666666666666666,A,A,walkway,0.0472222222222222,0.0666666666666666,A,A,walkway
p70_cfg6_s43,0.7,6,43,16.220025188916875,88.69999999999999,25.06061381074169,0.05576,0.124,A,A,walkway,1.1577380952380951,2.4642857142857144,C,D,waiting,0.3756944444444444,1.3333333333333333,B,E,walkway,0.0027777777777777,0.1666666666666666,A,A,walkway,0.0283333333333333,0.0666666666666666,A,A,walkway,0.6958333333333333,1.6666666666666667,C,E,walkway,0.0361111111111111,0.3333333333333333,A,B,walkway,0.0461111111111111,0.0666666666666666,A,A,walkway
p70_cfg6_s44,0.7,6,44,11.552127659574468,66.475,23.84089673913044,0.0420533333333333,0.112,A,A,walkway,0.6732142857142857,1.8928571428571428,A,D,waiting,0.3444444444444444,1.4166666666666667,B,E,walkway,0.0055555555555555,0.1666666666666666,A,A,walkway,0.0261111111111111,0.0666666666666666,A,A,walkway,0.6270833333333333,1.4583333333333333,C,E,walkway,0.0277777777777777,0.3333333333333333,A,B,walkway,0.0422222222222222,0.0666666666666666,A,A,walkway
p70_cfg6_s45,0.7,6,45,18.821184210526315,103.0625,23.078133333333337,0.0554133333333333,0.124,A,A,walkway,1.268452380952381,2.5,C,D,waiting,0.3409722222222222,1.25,B,E,walkway,0.0055555555555555,0.1666666666666666,A,A,walkway,0.0288888888888888,0.0666666666666666,A,A,walkway,0.6131944444444444,1.5416666666666667,C,E,walkway,0.0166666666666666,0.1666666666666666,A,A,walkway,0.0433333333333333,0.0666666666666666,A,A,walkway
p70_cfg6_s46,0.7,6,46,11.72256532066508,72.45,26.342753623188408,0.05212,0.12,A,A,walkway,0.8369047619047619,2.071428571428572,B,D,waiting,0.4152777777777777,1.3333333333333333,C,E,walkway,0.0166666666666666,0.1666666666666666,A,A,walkway,0.0322222222222222,0.0666666666666666,A,A,walkway,0.7791666666666667,1.9166666666666667,D,E,walkway,0.0388888888888888,0.3333333333333333,A,B,walkway,0.0483333333333333,0.0666666666666666,A,A,walkway
p80_cfg1_s42,0.8,1,42,61.71666666666667,171.79999999999995,19.88357843137255,0.1174533333333333,0.2056,A,A,walkway,3.726190476190476,7.571428571428571,E,F,waiting,0.05625,0.2916666666666667,A,A,walkway,0.0472222222222222,0.3333333333333333,A,B,walkway,0.0033333333333333,0.0333333333333333,A,A,walkway,0.4236111111111111,0.8333333333333334,C,D,walkway,0.3361111111111111,1.3333333333333333,B,E,walkway,0.0138888888888888,0.0333333333333333,A,A,walkway
p80_cfg1_s43,0.8,1,43,58.80770833333333,172.31249999999997,20.017201834862384,0.1114533333333333,0.2008,A,A,walkway,3.5357142857142856,7.357142857142857,E,F,waiting,0.0798611111111111,0.375,A,B,walkway,0.0666666666666666,0.5,A,C,walkway,0.0038888888888888,0.0333333333333333,A,A,walkway,0.4354166666666667,0.6666666666666666,C,C,walkway,0.3555555555555554,1.0,B,D,walkway,0.0161111111111111,0.0333333333333333,A,A,walkway
p80_cfg1_s44,0.8,1,44,62.11883408071749,167.72499999999994,19.43118811881188,0.0987333333333333,0.1832,A,A,walkway,3.124404761904762,6.464285714285714,D,F,waiting,0.0715277777777777,0.2916666666666667,A,A,walkway,0.0444444444444444,0.3333333333333333,A,B,walkway,0.005,0.0333333333333333,A,A,walkway,0.4041666666666667,0.7083333333333334,C,D,walkway,0.2944444444444444,0.8333333333333334,A,D,walkway,0.0133333333333333,0.0333333333333333,A,A,walkway
p80_cfg1_s45,0.8,1,45,63.20480349344979,175.45,20.745631067961167,0.1131733333333333,0.2008,A,A,walkway,3.625,7.285714285714286,E,F,waiting,0.0618055555555555,0.375,A,B,walkway,0.0527777777777777,0.5,A,C,walkway,0.0038888888888888,0.0333333333333333,A,A,walkway,0.4423611111111111,0.6666666666666666,C,C,walkway,0.3583333333333333,1.0,B,D,walkway,0.0188888888888888,0.0333333333333333,A,A,walkway
p80_cfg1_s46,0.8,1,46,56.42995951417005,170.575,22.07522522522523,0.1176133333333333,0.208,A,A,walkway,3.658928571428571,7.392857142857143,E,F,waiting,0.0819444444444444,0.4166666666666667,A,C,walkway,0.0666666666666666,0.5,A,C,walkway,0.0022222222222222,0.0333333333333333,A,A,walkway,0.4868055555555556,0.9166666666666666,C,D,walkway,0.4416666666666666,1.5,C,E,walkway,0.0177777777777777,0.0333333333333333,A,A,walkway
p80_cfg2_s42,0.8,2,42,31.17851662404092,83.32499999999999,20.49273504273504,0.06736,0.1344,A,A,walkway,1.7160714285714282,3.75,D,E,waiting,0.4027777777777778,0.75,C,D,walkway,0.236111111111111,0.8333333333333334,A,D,walkway,0.0194444444444444,0.0333333333333333,A,A,walkway,0.4597222222222222,0.875,C,D,walkway,0.4166666666666667,1.5,C,E,walkway,0.0161111111111111,0.0333333333333333,A,A,walkway
p80_cfg2_s43,0.8,2,43,33.55542328042328,86.60249999999999,19.82296511627907,0.0717733333333333,0.136,A,A,walkway,1.9440476190476192,4.25,D,E,waiting,0.38125,0.7083333333333334,B,D,walkway,0.2055555555555555,0.6666666666666666,A,C,walkway,0.0127777777777777,0.0333333333333333,A,A,walkway,0.4395833333333333,0.8333333333333334,C,D,walkway,0.4305555555555555,1.8333333333333333,C,E,walkway,0.0127777777777777,0.0333333333333333,A,A,walkway
p80_cfg2_s44,0.8,2,44,29.015384615384612,73.875,19.496069182389935,0.0595733333333333,0.1232,A,A,walkway,1.5107142857142857,3.75,D,E,waiting,0.35,0.6666666666666666,B,C,walkway,0.1944444444444444,0.8333333333333334,A,D,walkway,0.015,0.0333333333333333,A,A,walkway,0.3965277777777778,0.875,B,D,walkway,0.3444444444444444,1.5,B,E,walkway,0.0144444444444444,0.0333333333333333,A,A,walkway
p80_cfg2_s45,0.8,2,45,30.47299465240641,78.57499999999997,20.612611275964397,0.06628,0.1264,A,A,walkway,1.7089285714285714,3.892857142857143,D,E,waiting,0.3902777777777778,0.75,B,D,walkway,0.2138888888888888,0.6666666666666666,A,C,walkway,0.0144444444444444,0.0333333333333333,A,A,walkway,0.4451388888888889,0.9166666666666666,C,D,walkway,0.3944444444444444,1.6666666666666667,B,E,walkway,0.0161111111111111,0.0333333333333333,A,A,walkway
p80_cfg2_s46,0.8,2,46,32.05199501246882,86.64999999999999,21.29835616438356,0.0710266666666666,0.1352,A,A,walkway,1.8523809523809525,3.892857142857143,D,E,waiting,0.4243055555555556,0.7916666666666666,C,D,walkway,0.2722222222222222,0.8333333333333334,A,D,walkway,0.0177777777777777,0.0333333333333333,A,A,walkway,0.4819444444444444,0.9583333333333334,C,D,walkway,0.513888888888889,1.6666666666666667,C,E,walkway,0.0161111111111111,0.0333333333333333,A,A,walkway
p80_cfg3_s42,0.8,3,42,20.942206235011984,54.16,27.79281984334204,0.06228,0.1312,A,A,walkway,1.0976190476190475,3.7857142857142856,C,E,waiting,0.3694444444444444,0.9166666666666666,B,D,walkway,0.261111111111111,0.8333333333333334,A,D,walkway,0.0155555555555555,0.0333333333333333,A,A,walkway,0.811111111111111,1.4583333333333333,D,E,walkway,1.3555555555555554,2.5,E,F,walkway,0.0238888888888888,0.0333333333333333,A,A,walkway
p80_cfg3_s43,0.8,3,43,18.888615023474173,56.96249999999997,27.266266666666663,0.0608799999999999,0.1272,A,A,walkway,1.0297619047619049,3.821428571428572,C,E,waiting,0.3465277777777777,0.7083333333333334,B,D,walkway,0.2638888888888889,1.0,A,D,walkway,0.0155555555555555,0.0333333333333333,A,A,walkway,0.7763888888888888,1.5416666666666667,D,E,walkway,1.3944444444444444,3.333333333333333,E,F,walkway,0.0177777777777777,0.0333333333333333,A,A,walkway
p80_cfg3_s44,0.8,3,44,18.414921465968582,49.44749999999999,26.56011560693642,0.0532666666666666,0.1184,A,A,walkway,0.8952380952380952,3.4285714285714284,B,E,waiting,0.3152777777777777,0.7916666666666666,B,D,walkway,0.1972222222222221,0.6666666666666666,A,C,walkway,0.0122222222222222,0.0333333333333333,A,A,walkway,0.7277777777777779,1.375,D,E,walkway,1.1666666666666667,2.833333333333333,E,F,walkway,0.0188888888888888,0.0333333333333333,A,A,walkway
p80_cfg3_s45,0.8,3,45,21.11682808716706,51.94999999999997,27.21219839142091,0.0609733333333333,0.1232,A,A,walkway,1.0964285714285715,3.571428571428572,C,E,waiting,0.3375,0.8333333333333334,B,D,walkway,0.211111111111111,0.6666666666666666,A,C,walkway,0.0138888888888888,0.0333333333333333,A,A,walkway,0.8006944444444445,1.375,D,E,walkway,1.3833333333333335,2.833333333333333,E,F,walkway,0.0211111111111111,0.0333333333333333,A,A,walkway
p80_cfg3_s46,0.8,3,46,21.55057603686636,55.1675,28.69093264248705,0.0653199999999999,0.132,A,A,walkway,1.170238095238095,3.571428571428572,C,E,waiting,0.3395833333333333,0.75,B,D,walkway,0.2027777777777777,0.6666666666666666,A,C,walkway,0.0155555555555555,0.0333333333333333,A,A,walkway,0.8618055555555556,1.5,D,E,walkway,1.586111111111111,3.5,E,F,walkway,0.0222222222222222,0.0333333333333333,A,A,walkway
p80_cfg4_s42,0.8,4,42,10.710071942446044,31.46,27.83609756097561,0.05276,0.124,A,A,walkway,0.605952380952381,3.107142857142857,A,D,waiting,0.5625000000000001,1.25,C,E,walkway,0.5055555555555556,1.5,C,E,walkway,0.0188888888888888,0.0333333333333333,A,A,walkway,0.6194444444444444,1.375,C,E,walkway,1.188888888888889,2.833333333333333,E,F,walkway,0.0205555555555555,0.0333333333333333,A,A,walkway
p80_cfg4_s43,0.8,4,43,12.932159624413142,35.58749999999999,27.523651960784317,0.0552533333333333,0.1264,A,A,walkway,0.7196428571428571,3.2142857142857144,A,D,waiting,0.5895833333333332,1.2083333333333333,C,E,walkway,0.525,1.5,C,E,walkway,0.02,0.0333333333333333,A,A,walkway,0.6124999999999999,1.3333333333333333,C,E,walkway,1.15,3.0,E,F,walkway,0.02,0.0333333333333333,A,A,walkway
p80_cfg4_s44,0.8,4,44,8.809293193717275,24.342499999999998,27.8997311827957,0.0475066666666666,0.1176,A,A,walkway,0.4744047619047619,2.071428571428572,A,D,waiting,0.4909722222222222,1.2083333333333333,C,E,walkway,0.4972222222222221,1.5,C,E,walkway,0.015,0.0333333333333333,A,A,walkway,0.5708333333333332,1.5,C,E,walkway,1.2444444444444442,3.333333333333333,E,F,walkway,0.0161111111111111,0.0333333333333333,A,A,walkway
p80_cfg4_s45,0.8,4,45,10.818886198547215,30.37,28.75062034739454,0.05388,0.1192,A,A,walkway,0.605952380952381,2.892857142857143,A,D,waiting,0.5611111111111111,1.25,C,E,walkway,0.5805555555555556,1.6666666666666667,C,E,walkway,0.0188888888888888,0.0333333333333333,A,A,walkway,0.6104166666666668,1.5416666666666667,C,E,walkway,1.352777777777778,3.6666666666666665,E,F,walkway,0.0177777777777777,0.0333333333333333,A,A,walkway
p80_cfg4_s46,0.8,4,46,13.12753456221198,34.65249999999999,29.14146634615384,0.0581466666666666,0.128,A,A,walkway,0.7488095238095238,3.1785714285714284,A,D,waiting,0.6055555555555556,1.2916666666666667,C,E,walkway,0.5555555555555555,1.5,C,E,walkway,0.0188888888888888,0.0333333333333333,A,A,walkway,0.6451388888888889,1.375,C,E,walkway,1.3694444444444442,3.333333333333333,E,F,walkway,0.0188888888888888,0.0333333333333333,A,A,walkway
p80_cfg5_s42,0.8,5,42,6.525059952038367,17.91,29.49676258992806,0.0465733333333333,0.12,A,A,walkway,0.4285714285714286,2.071428571428572,A,D,waiting,0.4444444444444445,1.2083333333333333,C,E,walkway,0.0111111111111111,0.1666666666666666,A,A,walkway,0.0344444444444444,0.0666666666666666,A,A,walkway,0.8930555555555555,2.333333333333333,D,F,walkway,0.0666666666666666,0.3333333333333333,A,B,walkway,0.045,0.0666666666666666,A,A,walkway
p80_cfg5_s43,0.8,5,43,6.687558685446008,18.774999999999988,28.56440476190476,0.0479333333333333,0.1224,A,A,walkway,0.4482142857142857,2.0,A,D,waiting,0.4645833333333333,1.25,C,E,walkway,0.0083333333333333,0.1666666666666666,A,A,walkway,0.0344444444444444,0.0666666666666666,A,A,walkway,0.8951388888888889,2.25,D,F,walkway,0.0722222222222222,0.5,A,C,walkway,0.0438888888888888,0.0666666666666666,A,A,walkway
p80_cfg5_s44,0.8,5,44,5.543586387434551,15.75,26.69162303664921,0.0401066666666666,0.1096,A,A,walkway,0.3464285714285714,1.6785714285714286,A,D,waiting,0.3972222222222222,1.1666666666666667,B,E,walkway,0.0,0.0,A,A,walkway,0.0316666666666666,0.0666666666666666,A,A,walkway,0.7340277777777777,2.0,D,E,walkway,0.0361111111111111,0.3333333333333333,A,B,walkway,0.0416666666666666,0.0666666666666666,A,A,walkway
p80_cfg5_s45,0.8,5,45,5.68014527845036,13.349999999999994,28.370316301703166,0.0441199999999999,0.1144,A,A,walkway,0.3791666666666666,1.5357142857142858,A,D,waiting,0.4402777777777778,1.25,C,E,walkway,0.0055555555555555,0.1666666666666666,A,A,walkway,0.0333333333333333,0.0666666666666666,A,A,walkway,0.8569444444444445,2.208333333333333,D,F,walkway,0.0555555555555555,0.3333333333333333,A,B,walkway,0.0422222222222222,0.0666666666666666,A,A,walkway
p80_cfg5_s46,0.8,5,46,6.812327188940088,16.117499999999996,29.559906759906763,0.0493466666666666,0.1184,A,A,walkway,0.4529761904761905,1.8571428571428568,A,D,waiting,0.486111111111111,1.25,C,E,walkway,0.0083333333333333,0.1666666666666666,A,A,walkway,0.0361111111111111,0.0666666666666666,A,A,walkway,0.934722222222222,2.333333333333333,D,F,walkway,0.0555555555555555,0.3333333333333333,A,B,walkway,0.045,0.0666666666666666,A,A,walkway
p80_cfg6_s42,0.8,6,42,7.171582733812948,36.73999999999999,30.49275184275184,0.0477066666666666,0.1192,A,A,walkway,0.4791666666666667,1.8928571428571428,A,D,waiting,0.4895833333333333,1.4166666666666667,C,E,walkway,0.0083333333333333,0.1666666666666666,A,A,walkway,0.0327777777777777,0.0666666666666666,A,A,walkway,0.8826388888888891,2.083333333333333,D,F,walkway,0.0555555555555555,0.3333333333333333,A,B,walkway,0.0455555555555555,0.0666666666666666,A,A,walkway
p80_cfg6_s43,0.8,6,43,7.353199052132698,43.599999999999966,28.24636803874092,0.04652,0.1152,A,A,walkway,0.5279761904761905,1.8571428571428568,A,D,waiting,0.4409722222222222,1.375,C,E,walkway,0.0111111111111111,0.1666666666666666,A,A,walkway,0.0322222222222222,0.0666666666666666,A,A,walkway,0.8326388888888888,2.083333333333333,D,F,walkway,0.0611111111111111,0.3333333333333333,A,B,walkway,0.0455555555555555,0.0666666666666666,A,A,walkway
p80_cfg6_s44,0.8,6,44,9.56505235602094,56.02249999999998,25.180666666666667,0.0409866666666666,0.1104,A,A,walkway,0.5422619047619047,1.8571428571428568,A,D,waiting,0.3715277777777778,1.2916666666666667,B,E,walkway,0.0055555555555555,0.1666666666666666,A,A,walkway,0.03,0.0666666666666666,A,A,walkway,0.6548611111111111,1.6666666666666667,C,E,walkway,0.0277777777777777,0.3333333333333333,A,B,walkway,0.04,0.0666666666666666,A,A,walkway
p80_cfg6_s45,0.8,6,45,7.60282555282555,40.899999999999984,27.47125,0.045,0.1104,A,A,walkway,0.5279761904761904,2.071428571428572,A,D,waiting,0.4354166666666667,1.4166666666666667,C,E,walkway,0.0138888888888888,0.1666666666666666,A,A,walkway,0.0311111111111111,0.0666666666666666,A,A,walkway,0.7583333333333335,1.9166666666666667,D,E,walkway,0.0416666666666666,0.3333333333333333,A,B,walkway,0.0438888888888888,0.0666666666666666,A,A,walkway
p80_cfg6_s46,0.8,6,46,6.869585253456219,34.69499999999996,29.07517647058824,0.0478133333333333,0.1192,A,A,walkway,0.475,1.8571428571428568,A,D,waiting,0.4826388888888889,1.375,C,E,walkway,0.0138888888888888,0.1666666666666666,A,A,walkway,0.0349999999999999,0.0666666666666666,A,A,walkway,0.8729166666666665,2.208333333333333,D,F,walkway,0.0611111111111111,0.3333333333333333,A,B,walkway,0.045,0.0666666666666666,A,A,walkway
