scenario_id,p,config,seed,avg_gate_wait,p95_gate_wait,avg_esc_wait,zone1_density_avg,zone1_density_max,zone1_los_avg,zone1_los_max,zone1_category,zone2_density_avg,zone2_density_max,zone2_los_avg,zone2_los_max,zone2_category,zone3a_density_avg,zone3a_density_max,zone3a_los_avg,zone3a_los_max,zone3a_category,zone3b_density_avg,zone3b_density_max,zone3b_los_avg,zone3b_los_max,zone3b_category,zone3c_density_avg,zone3c_density_max,zone3c_los_avg,zone3c_los_max,zone3c_category,zone4a_density_avg,zone4a_density_max,zone4a_los_avg,zone4a_los_max,zone4a_category,zone4b_density_avg,zone4b_density_max,zone4b_los_avg,zone4b_los_max,zone4b_category,zone4c_density_avg,zone4c_density_max,zone4c_los_avg,zone4c_los_max,zone4c_category
p10_cfg1_s42,0.1,1,42,11.183753148614612,28.6675,22.73708651399492,0.0460733333333333,0.1264,A,A,walkway,0.5877976190476191,2.857142857142857,A,D,waiting,0.3815972222222222,1.0,B,D,walkway,0.2555555555555555,1.3333333333333333,A,E,walkway,0.0347222222222222,0.0666666666666666,A,A,walkway,0.601736111111111,1.4166666666666667,C,E,walkway,0.7902777777777779,2.0,D,E,walkway,0.0416666666666666,0.0666666666666666,A,A,walkway
p10_cfg1_s43,0.1,1,43,14.176245443499392,36.43499999999999,23.16013431013432,0.0513266666666666,0.1256,A,A,walkway,0.7470238095238095,3.5,A,E,waiting,0.4059027777777778,0.9583333333333334,C,D,walkway,0.2416666666666666,1.5,A,E,walkway,0.0358333333333333,0.0666666666666666,A,A,walkway,0.6354166666666666,1.625,C,E,walkway,0.888888888888889,2.0,D,E,walkway,0.0413888888888888,0.0666666666666666,A,A,walkway
p10_cfg1_s44,0.1,1,44,13.050867410161093,30.219999999999985,22.766539440203573,0.0491,0.1344,A,A,walkway,0.6827380952380953,3.0357142857142856,A,D,waiting,0.40625,1.0416666666666667,C,E,walkway,0.3194444444444445,1.6666666666666667,B,E,walkway,0.0349999999999999,0.0666666666666666,A,A,walkway,0.6180555555555555,1.5416666666666667,C,E,walkway,0.7430555555555555,2.0,D,E,walkway,0.0402777777777777,0.0666666666666666,A,A,walkway
p10_cfg1_s45,0.1,1,45,15.789964994165697,36.0,22.063000000000013,0.05386,0.1304,A,A,walkway,0.8592261904761905,3.5357142857142856,B,E,waiting,0.4368055555555556,0.9583333333333334,C,D,walkway,0.2819444444444444,1.3333333333333333,A,E,walkway,0.0380555555555555,0.0666666666666666,A,A,walkway,0.6027777777777777,1.2916666666666667,C,E,walkway,0.8250000000000001,1.8333333333333333,D,E,walkway,0.0422222222222222,0.0666666666666666,A,A,walkway
p10_cfg1_s46,0.1,1,46,14.74494451294698,36.625,22.397253433208505,0.0502666666666666,0.1304,A,A,walkway,0.7666666666666667,3.357142857142857,A,E,waiting,0.401736111111111,0.9166666666666666,C,D,walkway,0.3291666666666666,1.8333333333333333,B,E,walkway,0.0349999999999999,0.0666666666666666,A,A,walkway,0.5850694444444445,1.375,C,E,walkway,0.7847222222222221,2.0,D,E,walkway,0.0402777777777777,0.0666666666666666,A,A,walkway
p10_cfg2_s42,0.1,2,42,21.706297229219143,53.235,19.903715365239304,0.0528333333333333,0.1304,A,A,walkway,1.0708333333333333,4.107142857142857,C,E,waiting,0.3482638888888889,0.9166666666666666,B,D,walkway,0.1111111111111111,1.0,A,D,walkway,0.0316666666666666,0.0666666666666666,A,A,walkway,0.5364583333333334,1.25,C,E,walkway,0.7527777777777779,1.8333333333333333,D,E,walkway,0.045,0.0666666666666666,A,A,walkway
p10_cfg2_s43,0.1,2,43,21.74015795868773,49.2,20.596638141809297,0.0551666666666666,0.1296,A,A,walkway,1.1038690476190476,3.9642857142857135,C,E,waiting,0.3729166666666667,0.9166666666666666,B,D,walkway,0.1152777777777777,0.8333333333333334,A,D,walkway,0.0322222222222222,0.0666666666666666,A,A,walkway,0.5875,1.2083333333333333,C,E,walkway,0.7763888888888888,1.8333333333333333,D,E,walkway,0.045,0.0666666666666666,A,A,walkway
p10_cfg2_s44,0.1,2,44,21.62360594795539,52.575,18.91340206185568,0.0520933333333333,0.1344,A,A,walkway,1.0794642857142855,4.107142857142857,C,E,waiting,0.3680555555555555,0.8333333333333334,B,D,walkway,0.1069444444444444,0.6666666666666666,A,C,walkway,0.0319444444444444,0.0666666666666666,A,A,walkway,0.5055555555555555,1.0416666666666667,C,E,walkway,0.6041666666666666,1.8333333333333333,C,E,walkway,0.0422222222222222,0.0666666666666666,A,A,walkway
p10_cfg2_s45,0.1,2,45,23.127920560747665,52.812500000000014,20.776495215311016,0.0590733333333333,0.132,A,A,walkway,1.2244047619047618,4.071428571428571,C,E,waiting,0.3746527777777777,0.875,B,D,walkway,0.1458333333333333,1.0,A,D,walkway,0.0308333333333333,0.0666666666666666,A,A,walkway,0.5902777777777778,1.125,C,E,walkway,0.9,2.0,D,E,walkway,0.0463888888888888,0.0666666666666666,A,A,walkway
p10_cfg2_s46,0.1,2,46,18.853267570900123,47.45,20.339609571788426,0.0511733333333333,0.1288,A,A,walkway,0.9544642857142857,3.857142857142857,B,E,waiting,0.357986111111111,0.8333333333333334,B,D,walkway,0.1027777777777777,0.8333333333333334,A,D,walkway,0.0324999999999999,0.0666666666666666,A,A,walkway,0.5673611111111111,1.2083333333333333,C,E,walkway,0.7916666666666666,1.8333333333333333,D,E,walkway,0.0436111111111111,0.0666666666666666,A,A,walkway
p10_cfg3_s42,0.1,3,42,31.6669395465995,69.3675,16.21121134020619,0.0577066666666666,0.1304,A,A,walkway,1.530952380952381,4.678571428571429,D,E,waiting,0.41875,0.7916666666666666,C,D,walkway,0.0791666666666666,0.5,A,C,walkway,0.0377777777777777,0.0666666666666666,A,A,walkway,0.420486111111111,0.8333333333333334,C,D,walkway,0.1041666666666666,0.6666666666666666,A,C,walkway,0.0380555555555555,0.0666666666666666,A,A,walkway
p10_cfg3_s43,0.1,3,43,32.36502433090025,71.80000000000001,16.05330012453301,0.0600466666666666,0.1304,A,A,walkway,1.6208333333333331,4.285714285714286,D,E,waiting,0.4069444444444444,0.75,C,D,walkway,0.1,0.6666666666666666,A,C,walkway,0.0366666666666666,0.0666666666666666,A,A,walkway,0.4260416666666666,0.9583333333333334,C,D,walkway,0.2,1.5,A,E,walkway,0.0388888888888888,0.0666666666666666,A,A,walkway
p10_cfg3_s44,0.1,3,44,30.57372448979592,69.29249999999996,16.216402116402126,0.0578,0.1392,A,A,walkway,1.5556547619047618,4.535714285714286,D,E,waiting,0.3996527777777778,0.7916666666666666,B,D,walkway,0.1125,0.6666666666666666,A,C,walkway,0.0336111111111111,0.0666666666666666,A,A,walkway,0.4010416666666667,0.8333333333333334,C,D,walkway,0.1402777777777777,0.8333333333333334,A,D,walkway,0.0344444444444444,0.0666666666666666,A,A,walkway
p10_cfg3_s45,0.1,3,45,34.67634660421545,74.8675,16.262014563106806,0.0655,0.1352,A,A,walkway,1.8086309523809525,4.75,D,E,waiting,0.4399305555555555,0.8333333333333334,C,D,walkway,0.1138888888888888,0.6666666666666666,A,C,walkway,0.0369444444444444,0.0666666666666666,A,A,walkway,0.4434027777777777,0.9166666666666666,C,D,walkway,0.1569444444444444,1.0,A,D,walkway,0.0397222222222222,0.0666666666666666,A,A,walkway
p10_cfg3_s46,0.1,3,46,32.77835443037975,75.39749999999997,16.20085751978893,0.0601466666666666,0.136,A,A,walkway,1.6589285714285715,4.75,D,E,waiting,0.4006944444444444,0.7916666666666666,C,D,walkway,0.0944444444444444,0.6666666666666666,A,C,walkway,0.0336111111111111,0.0666666666666666,A,A,walkway,0.4163194444444444,0.8333333333333334,C,D,walkway,0.1097222222222222,0.6666666666666666,A,C,walkway,0.0375,0.0666666666666666,A,A,walkway
p10_cfg4_s42,0.1,4,42,61.61919945725917,117.26,15.91727272727273,0.0869933333333333,0.1472,A,A,walkway,2.9872023809523807,5.392857142857143,D,F,waiting,0.2708333333333333,0.5416666666666666,A,C,walkway,0.0375,0.5,A,C,walkway,0.0255555555555555,0.0666666666666666,A,A,walkway,0.4920138888888889,0.8333333333333334,C,D,walkway,0.1277777777777777,0.6666666666666666,A,C,walkway,0.0419444444444444,0.0666666666666666,A,A,walkway
p10_cfg4_s43,0.1,4,43,56.32287024901704,113.59500000000004,16.501147098515528,0.08554,0.1512,A,A,walkway,2.8607142857142858,5.607142857142857,D,F,waiting,0.2829861111111111,0.5833333333333334,A,C,walkway,0.0430555555555555,0.5,A,C,walkway,0.0283333333333333,0.0666666666666666,A,A,walkway,0.5336805555555556,0.7083333333333334,C,D,walkway,0.1138888888888888,0.6666666666666666,A,C,walkway,0.045,0.0666666666666666,A,A,walkway
p10_cfg4_s44,0.1,4,44,46.1750341997264,98.54999999999998,16.144781382228498,0.0740866666666666,0.1472,A,A,walkway,2.3767857142857145,5.535714285714286,D,F,waiting,0.2670138888888889,0.5,A,C,walkway,0.0291666666666666,0.1666666666666666,A,A,walkway,0.0255555555555555,0.0666666666666666,A,A,walkway,0.496875,0.7916666666666666,C,D,walkway,0.1166666666666666,0.5,A,C,walkway,0.0422222222222222,0.0666666666666666,A,A,walkway
p10_cfg4_s45,0.1,4,45,59.65958994708996,119.43749999999996,16.04446721311476,0.0922133333333333,0.1728,A,A,walkway,3.199702380952381,6.464285714285714,D,F,waiting,0.2822916666666666,0.5833333333333334,A,C,walkway,0.0416666666666666,0.3333333333333333,A,B,walkway,0.0238888888888888,0.0666666666666666,A,A,walkway,0.4951388888888889,0.7083333333333334,C,D,walkway,0.1708333333333333,0.8333333333333334,A,D,walkway,0.0441666666666666,0.0666666666666666,A,A,walkway
p10_cfg4_s46,0.1,4,46,56.4071240105541,120.57250000000003,16.038435374149664,0.0835133333333333,0.1504,A,A,walkway,2.8011904761904765,5.607142857142857,D,F,waiting,0.2840277777777777,0.5833333333333334,A,C,walkway,0.0402777777777777,0.3333333333333333,A,B,walkway,0.0263888888888888,0.0666666666666666,A,A,walkway,0.4993055555555556,0.7916666666666666,C,D,walkway,0.1388888888888889,0.6666666666666666,A,C,walkway,0.0438888888888888,0.0666666666666666,A,A,walkway
p10_cfg5_s42,0.1,5,42,120.9873394495413,241.07,15.273867924528306,0.1504666666666666,0.2552,A,A,walkway,6.041369047619048,10.714285714285714,F,F,waiting,0.2708333333333333,0.5416666666666666,A,C,walkway,0.0388888888888888,0.3333333333333333,A,B,walkway,0.0233333333333333,0.0666666666666666,A,A,walkway,0.2815972222222223,0.625,A,C,walkway,0.0305555555555555,0.5,A,C,walkway,0.025,0.0666666666666666,A,A,walkway
p10_cfg5_s43,0.1,5,43,119.80688073394496,250.35,15.188041431261777,0.1579133333333333,0.2832,A,A,walkway,6.357738095238094,11.928571428571429,F,F,waiting,0.2697916666666666,0.5,A,C,walkway,0.0361111111111111,0.3333333333333333,A,B,walkway,0.0236111111111111,0.0666666666666666,A,A,walkway,0.2753472222222222,0.625,A,C,walkway,0.0430555555555555,0.3333333333333333,A,B,walkway,0.0244444444444444,0.0666666666666666,A,A,walkway
p10_cfg5_s44,0.1,5,44,116.56320754716982,230.975,15.287984496124036,0.14456,0.2856,A,A,walkway,5.778273809523809,11.785714285714286,F,F,waiting,0.2607638888888889,0.5833333333333334,A,C,walkway,0.0416666666666666,0.3333333333333333,A,B,walkway,0.0261111111111111,0.0666666666666666,A,A,walkway,0.2722222222222222,0.5416666666666666,A,C,walkway,0.0402777777777777,0.3333333333333333,A,B,walkway,0.0272222222222222,0.0666666666666666,A,A,walkway
p10_cfg5_s45,0.1,5,45,131.8209055876686,261.755,14.900098039215692,0.1739666666666666,0.3336,A,B,walkway,7.091666666666667,14.071428571428571,F,F,waiting,0.25,0.4583333333333333,A,C,walkway,0.0402777777777777,0.3333333333333333,A,B,walkway,0.0266666666666666,0.0666666666666666,A,A,walkway,0.2586805555555556,0.5833333333333334,A,C,walkway,0.0319444444444444,0.3333333333333333,A,B,walkway,0.0263888888888888,0.0666666666666666,A,A,walkway
p10_cfg5_s46,0.1,5,46,136.87088122605363,274.39250000000004,15.146960784313732,0.1621999999999999,0.2896,A,A,walkway,6.542857142857143,12.071428571428571,F,F,waiting,0.2725694444444445,0.5416666666666666,A,C,walkway,0.0361111111111111,0.1666666666666666,A,A,walkway,0.0236111111111111,0.0666666666666666,A,A,walkway,0.2548611111111111,0.5833333333333334,A,C,walkway,0.0291666666666666,0.3333333333333333,A,B,walkway,0.0238888888888888,0.0666666666666666,A,A,walkway
p10_cfg6_s42,0.1,6,42,170.91672354948807,392.35,14.924390243902446,0.24638,0.4288,A,C,walkway,9.727678571428571,18.464285714285715,F,F,waiting,0.0423611111111111,0.3333333333333333,A,B,walkway,0.0013888888888888,0.1666666666666666,A,A,walkway,0.0038888888888888,0.0666666666666666,A,A,walkway,0.25,0.4583333333333333,A,C,walkway,0.0263888888888888,0.3333333333333333,A,B,walkway,0.0222222222222222,0.0666666666666666,A,A,walkway
p10_cfg6_s43,0.1,6,43,160.59967741935483,376.365,14.387666666666671,0.2435266666666666,0.4464,A,C,walkway,9.544345238095238,18.857142857142858,F,F,waiting,0.0489583333333333,0.2916666666666667,A,A,walkway,0.0013888888888888,0.1666666666666666,A,A,walkway,0.0041666666666666,0.0666666666666666,A,A,walkway,0.2503472222222222,0.5416666666666666,A,C,walkway,0.0291666666666666,0.3333333333333333,A,B,walkway,0.0230555555555555,0.0666666666666666,A,A,walkway
p10_cfg6_s44,0.1,6,44,156.77787456445992,359.26,14.97251773049646,0.22478,0.4416,A,C,walkway,8.710119047619049,18.75,F,F,waiting,0.0427083333333333,0.25,A,A,walkway,0.0055555555555555,0.1666666666666666,A,A,walkway,0.0052777777777777,0.0666666666666666,A,A,walkway,0.2402777777777777,0.4583333333333333,A,C,walkway,0.0333333333333333,0.3333333333333333,A,B,walkway,0.0227777777777777,0.0666666666666666,A,A,walkway
p10_cfg6_s45,0.1,6,45,156.29169435215945,376.15,14.855423728813564,0.2454666666666666,0.4736,A,C,walkway,9.503571428571428,20.107142857142858,F,F,waiting,0.05,0.2916666666666667,A,A,walkway,0.0013888888888888,0.1666666666666666,A,A,walkway,0.0055555555555555,0.0333333333333333,A,A,walkway,0.2479166666666666,0.5416666666666666,A,C,walkway,0.0319444444444444,0.3333333333333333,A,B,walkway,0.0244444444444444,0.0666666666666666,A,A,walkway
p10_cfg6_s46,0.1,6,46,151.63130990415337,380.82,14.880681818181824,0.2348466666666666,0.4264,A,C,walkway,9.157738095238097,18.035714285714285,F,F,waiting,0.0548611111111111,0.4166666666666667,A,C,walkway,0.0027777777777777,0.1666666666666666,A,A,walkway,0.0058333333333333,0.0666666666666666,A,A,walkway,0.2538194444444444,0.5,A,C,walkway,0.0291666666666666,0.3333333333333333,A,B,walkway,0.0222222222222222,0.0666666666666666,A,A,walkway
p30_cfg1_s42,0.3,1,42,4.817695214105794,14.51749999999998,24.39024390243903,0.0393333333333333,0.1128,A,A,walkway,0.3303571428571428,1.5714285714285714,A,D,waiting,0.2982638888888889,0.875,A,D,walkway,0.2138888888888888,1.5,A,E,walkway,0.0266666666666666,0.0666666666666666,A,A,walkway,0.6402777777777777,1.7083333333333333,C,E,walkway,0.7736111111111111,2.0,D,E,walkway,0.0402777777777777,0.0666666666666666,A,A,walkway
p30_cfg1_s43,0.3,1,43,5.273511543134875,17.300000000000008,24.49036568213784,0.0412333333333333,0.1104,A,A,walkway,0.3630952380952381,1.75,A,D,waiting,0.3291666666666666,1.0833333333333333,B,E,walkway,0.2166666666666666,1.6666666666666667,A,E,walkway,0.0294444444444444,0.0666666666666666,A,A,walkway,0.63125,1.7083333333333333,C,E,walkway,0.7861111111111111,1.8333333333333333,D,E,walkway,0.0402777777777777,0.0666666666666666,A,A,walkway
p30_cfg1_s44,0.3,1,44,4.979615861214374,15.919999999999945,24.5565340909091,0.0405133333333333,0.1144,A,A,walkway,0.34375,1.75,A,D,waiting,0.321875,1.0,B,D,walkway,0.2388888888888888,1.3333333333333333,A,E,walkway,0.0275,0.0666666666666666,A,A,walkway,0.6479166666666667,1.75,C,E,walkway,0.7569444444444444,2.1666666666666665,D,F,walkway,0.0391666666666666,0.0666666666666666,A,A,walkway
p30_cfg1_s45,0.3,1,45,5.813127187864643,19.039999999999985,24.09268292682928,0.04292,0.1152,A,A,walkway,0.4044642857142858,1.8571428571428568,A,D,waiting,0.3378472222222222,1.0,B,D,walkway,0.1958333333333333,1.1666666666666667,A,E,walkway,0.0299999999999999,0.0666666666666666,A,A,walkway,0.6482638888888889,1.6666666666666667,C,E,walkway,0.7958333333333333,2.0,D,E,walkway,0.0413888888888888,0.0666666666666666,A,A,walkway
p30_cfg1_s46,0.3,1,46,6.1635018495684335,19.400000000000027,24.69781997187062,0.0421066666666666,0.12,A,A,walkway,0.3949404761904762,2.142857142857143,A,D,waiting,0.3222222222222222,1.0416666666666667,B,E,walkway,0.2277777777777777,1.6666666666666667,A,E,walkway,0.0269444444444444,0.0666666666666666,A,A,walkway,0.6708333333333333,1.7083333333333333,C,E,walkway,0.7541666666666667,2.0,D,E,walkway,0.0397222222222222,0.0666666666666666,A,A,walkway
p30_cfg2_s42,0.3,2,42,6.930667506297231,21.167499999999976,24.91213333333334,0.0434266666666666,0.1176,A,A,walkway,0.413095238095238,1.75,A,D,waiting,0.3805555555555555,1.1666666666666667,B,E,walkway,0.3361111111111111,1.6666666666666667,B,E,walkway,0.0311111111111111,0.0666666666666666,A,A,walkway,0.6392361111111111,1.7083333333333333,C,E,walkway,0.7930555555555555,2.0,D,E,walkway,0.0405555555555555,0.0666666666666666,A,A,walkway
p30_cfg2_s43,0.3,2,43,9.164277035236935,27.684999999999985,24.21481012658228,0.04704,0.1168,A,A,walkway,0.5285714285714286,2.2142857142857144,A,D,waiting,0.4,1.125,B,E,walkway,0.3125,1.6666666666666667,B,E,walkway,0.0319444444444444,0.0666666666666666,A,A,walkway,0.648611111111111,1.5833333333333333,C,E,walkway,0.8347222222222221,2.0,D,E,walkway,0.0427777777777777,0.0666666666666666,A,A,walkway
p30_cfg2_s44,0.3,2,44,10.413444857496902,31.50000000000001,24.200394218134047,0.0472266666666666,0.1296,A,A,walkway,0.5651785714285714,2.4642857142857144,A,D,waiting,0.3909722222222223,1.1666666666666667,B,E,walkway,0.3569444444444444,1.8333333333333333,B,E,walkway,0.0322222222222222,0.0666666666666666,A,A,walkway,0.6399305555555554,1.5833333333333333,C,E,walkway,0.8069444444444446,2.0,D,E,walkway,0.0402777777777777,0.0666666666666666,A,A,walkway
p30_cfg2_s45,0.3,2,45,9.7463243873979,29.06000000000001,24.21219660194176,0.0492866666666666,0.12,A,A,walkway,0.5773809523809523,2.4642857142857144,A,D,waiting,0.3947916666666666,1.0416666666666667,B,E,walkway,0.3027777777777778,1.6666666666666667,B,E,walkway,0.0336111111111111,0.0666666666666666,A,A,walkway,0.7052083333333333,1.5833333333333333,D,E,walkway,0.8652777777777778,2.0,D,E,walkway,0.0452777777777777,0.0666666666666666,A,A,walkway
p30_cfg2_s46,0.3,2,46,8.125955610357584,27.124999999999982,24.737386215864767,0.0453666666666666,0.1224,A,A,walkway,0.4747023809523809,2.142857142857143,A,D,waiting,0.3916666666666666,1.0833333333333333,B,E,walkway,0.3375,1.6666666666666667,B,E,walkway,0.0324999999999999,0.0666666666666666,A,A,walkway,0.6559027777777778,1.5416666666666667,C,E,walkway,0.7958333333333333,2.0,D,E,walkway,0.0411111111111111,0.0666666666666666,A,A,walkway
p30_cfg3_s42,0.3,3,42,13.503652392947105,41.05750000000002,22.665856777493616,0.0481399999999999,0.1256,A,A,walkway,0.7047619047619048,2.7857142857142856,A,D,waiting,0.3972222222222222,1.0416666666666667,B,E,walkway,0.2097222222222222,1.5,A,E,walkway,0.0341666666666666,0.0666666666666666,A,A,walkway,0.6145833333333334,1.7916666666666667,C,E,walkway,0.7097222222222221,2.0,D,E,walkway,0.04,0.0666666666666666,A,A,walkway
p30_cfg3_s43,0.3,3,43,14.20801944106926,43.83999999999997,21.807588739290093,0.04954,0.1304,A,A,walkway,0.7607142857142857,3.2857142857142856,A,D,waiting,0.4059027777777778,1.0833333333333333,C,E,walkway,0.2555555555555556,1.5,A,E,walkway,0.0366666666666666,0.0666666666666666,A,A,walkway,0.5770833333333333,1.4166666666666667,C,E,walkway,0.7611111111111112,1.8333333333333333,D,E,walkway,0.0422222222222222,0.0666666666666666,A,A,walkway
p30_cfg3_s44,0.3,3,44,13.764436183395294,45.80499999999991,22.323491655969207,0.0484866666666666,0.132,A,A,walkway,0.7294642857142858,3.4285714285714284,A,E,waiting,0.4149305555555556,1.1666666666666667,C,E,walkway,0.2597222222222222,1.5,A,E,walkway,0.0341666666666666,0.0666666666666666,A,A,walkway,0.5527777777777778,1.5833333333333333,C,E,walkway,0.7652777777777777,1.8333333333333333,D,E,walkway,0.0405555555555555,0.0666666666666666,A,A,walkway
p30_cfg3_s45,0.3,3,45,16.80630105017503,50.11999999999998,21.455575326215907,0.0536733333333333,0.1304,A,A,walkway,0.9217261904761904,3.392857142857143,B,E,waiting,0.4159722222222222,1.0,C,D,walkway,0.2569444444444444,1.6666666666666667,A,E,walkway,0.0375,0.0666666666666666,A,A,walkway,0.5840277777777778,1.375,C,E,walkway,0.7972222222222222,2.0,D,E,walkway,0.0430555555555555,0.0666666666666666,A,A,walkway
p30_cfg3_s46,0.3,3,46,16.349815043156596,53.02499999999998,20.14318471337581,0.0486133333333333,0.128,A,A,walkway,0.8508928571428572,3.357142857142857,B,E,waiting,0.3836805555555556,0.875,B,D,walkway,0.1694444444444444,1.0,A,D,walkway,0.0336111111111111,0.0666666666666666,A,A,walkway,0.5284722222222222,1.375,C,E,walkway,0.6680555555555556,1.8333333333333333,C,E,walkway,0.04,0.0666666666666666,A,A,walkway
p30_cfg4_s42,0.3,4,42,23.82834595959596,68.76249999999997,18.566470588235298,0.0526733333333333,0.128,A,A,walkway,1.1919642857142856,3.321428571428572,C,E,waiting,0.3239583333333333,0.9166666666666666,B,D,walkway,0.1444444444444444,1.1666666666666667,A,E,walkway,0.0305555555555555,0.0666666666666666,A,A,walkway,0.5239583333333333,1.3333333333333333,C,E,walkway,0.4680555555555555,1.8333333333333333,C,E,walkway,0.0441666666666666,0.0666666666666666,A,A,walkway
p30_cfg4_s43,0.3,4,43,25.45267314702309,73.55000000000001,19.148017348203226,0.057,0.1288,A,A,walkway,1.3002976190476192,3.7142857142857135,C,E,waiting,0.3420138888888889,1.0,B,D,walkway,0.1569444444444444,1.6666666666666667,A,E,walkway,0.0305555555555555,0.0666666666666666,A,A,walkway,0.5614583333333333,1.2083333333333333,C,E,walkway,0.5638888888888889,1.8333333333333333,C,E,walkway,0.0472222222222222,0.0666666666666666,A,A,walkway
p30_cfg4_s44,0.3,4,44,23.40407124681933,66.125,18.64980237154151,0.0534266666666666,0.1336,A,A,walkway,1.231845238095238,3.7142857142857135,C,E,waiting,0.3340277777777777,1.125,B,E,walkway,0.1291666666666666,1.3333333333333333,A,E,walkway,0.0297222222222222,0.0666666666666666,A,A,walkway,0.5013888888888889,1.1666666666666667,C,E,walkway,0.5027777777777778,1.8333333333333333,C,E,walkway,0.0436111111111111,0.0666666666666666,A,A,walkway
p30_cfg4_s45,0.3,4,45,33.16407363420427,85.33499999999995,17.52092024539878,0.0655333333333333,0.1344,A,A,walkway,1.776488095238095,4.214285714285714,D,E,waiting,0.3364583333333333,0.8333333333333334,B,D,walkway,0.0861111111111111,0.6666666666666666,A,C,walkway,0.0319444444444444,0.0666666666666666,A,A,walkway,0.5569444444444444,1.1666666666666667,C,E,walkway,0.3527777777777778,1.6666666666666667,B,E,walkway,0.0466666666666666,0.0666666666666666,A,A,walkway
p30_cfg4_s46,0.3,4,46,24.628227848101265,76.16499999999998,18.345012953367885,0.0551599999999999,0.1288,A,A,walkway,1.3074404761904763,3.7142857142857135,C,E,waiting,0.3232638888888888,0.9583333333333334,B,D,walkway,0.1166666666666666,1.3333333333333333,A,E,walkway,0.0286111111111111,0.0666666666666666,A,A,walkway,0.5229166666666666,1.2083333333333333,C,E,walkway,0.4680555555555556,1.8333333333333333,C,E,walkway,0.0436111111111111,0.0666666666666666,A,A,walkway
p30_cfg5_s42,0.3,5,42,70.99479472140763,175.67749999999995,16.090284005979083,0.0986133333333333,0.168,A,A,walkway,3.5428571428571427,6.035714285714286,E,F,waiting,0.3413194444444444,0.8333333333333334,B,D,walkway,0.0805555555555555,0.6666666666666666,A,C,walkway,0.0322222222222222,0.0666666666666666,A,A,walkway,0.3638888888888889,1.0833333333333333,B,E,walkway,0.1069444444444444,1.0,A,D,walkway,0.0327777777777777,0.0666666666666666,A,A,walkway
p30_cfg5_s43,0.3,5,43,68.60036390101892,182.385,15.95364583333334,0.09974,0.188,A,A,walkway,3.601190476190476,6.785714285714286,E,F,waiting,0.3590277777777778,0.7916666666666666,B,D,walkway,0.0972222222222222,0.6666666666666666,A,C,walkway,0.0291666666666666,0.0666666666666666,A,A,walkway,0.3503472222222222,0.9583333333333334,B,D,walkway,0.0888888888888888,0.8333333333333334,A,D,walkway,0.0324999999999999,0.0666666666666666,A,A,walkway
p30_cfg5_s44,0.3,5,44,57.28829160530192,152.01000000000005,15.971525679758315,0.0866133333333333,0.1888,A,A,walkway,3.0151785714285717,6.571428571428571,D,F,waiting,0.3371527777777777,0.8333333333333334,B,D,walkway,0.0847222222222222,0.8333333333333334,A,D,walkway,0.0286111111111111,0.0666666666666666,A,A,walkway,0.3583333333333333,0.875,B,D,walkway,0.125,1.5,A,E,walkway,0.0327777777777777,0.0666666666666666,A,A,walkway
p30_cfg5_s45,0.3,5,45,66.26561604584528,177.28999999999996,15.962189781021909,0.10162,0.2056,A,A,walkway,3.672619047619047,7.785714285714286,E,F,waiting,0.3552083333333333,0.75,B,D,walkway,0.0819444444444444,0.6666666666666666,A,C,walkway,0.0313888888888888,0.0666666666666666,A,A,walkway,0.3642361111111111,0.8333333333333334,B,D,walkway,0.0916666666666666,0.8333333333333334,A,D,walkway,0.0327777777777777,0.0666666666666666,A,A,walkway
p30_cfg5_s46,0.3,5,46,69.92911208151384,163.11999999999992,16.295178041543032,0.0989066666666666,0.1808,A,A,walkway,3.548809523809524,6.285714285714286,E,F,waiting,0.353125,0.7916666666666666,B,D,walkway,0.0972222222222222,1.0,A,D,walkway,0.0319444444444444,0.0666666666666666,A,A,walkway,0.3583333333333333,1.0,B,D,walkway,0.1263888888888888,1.1666666666666667,A,E,walkway,0.0311111111111111,0.0666666666666666,A,A,walkway
p30_cfg6_s42,0.3,6,42,100.2277777777778,344.04,15.494247787610623,0.1774266666666666,0.3136,A,B,walkway,6.921726190476191,12.821428571428571,F,F,waiting,0.14375,0.75,A,D,walkway,0.0333333333333333,0.3333333333333333,A,B,walkway,0.015,0.0666666666666666,A,A,walkway,0.3208333333333333,0.8333333333333334,B,D,walkway,0.0819444444444444,1.0,A,D,walkway,0.0294444444444444,0.0666666666666666,A,A,walkway
p30_cfg6_s43,0.3,6,43,103.14733924611971,343.975,15.533634311512422,0.18872,0.3448,A,B,walkway,7.378571428571428,14.0,F,F,waiting,0.1350694444444444,0.6666666666666666,A,C,walkway,0.0305555555555555,0.6666666666666666,A,C,walkway,0.0130555555555555,0.0666666666666666,A,A,walkway,0.3253472222222223,0.8333333333333334,B,D,walkway,0.0555555555555555,0.5,A,C,walkway,0.0302777777777777,0.0666666666666666,A,A,walkway
p30_cfg6_s44,0.3,6,44,94.110348583878,335.89999999999986,15.895111111111117,0.1643133333333333,0.3296,A,B,walkway,6.320238095238095,13.035714285714286,F,F,waiting,0.1430555555555555,0.6666666666666666,A,C,walkway,0.0222222222222222,0.6666666666666666,A,C,walkway,0.0136111111111111,0.0666666666666666,A,A,walkway,0.3329861111111111,0.75,B,D,walkway,0.0777777777777777,0.6666666666666666,A,C,walkway,0.0291666666666666,0.0666666666666666,A,A,walkway
p30_cfg6_s45,0.3,6,45,87.5021384928717,320.45000000000005,15.722736625514411,0.1740133333333333,0.3488,A,B,walkway,6.647916666666666,13.678571428571429,F,F,waiting,0.1513888888888888,0.625,A,C,walkway,0.0305555555555555,0.5,A,C,walkway,0.0138888888888888,0.0666666666666666,A,A,walkway,0.3541666666666667,0.8333333333333334,B,D,walkway,0.0819444444444444,0.6666666666666666,A,C,walkway,0.0319444444444444,0.0666666666666666,A,A,walkway
p30_cfg6_s46,0.3,6,46,99.20085836909873,332.975,15.541830065359482,0.17116,0.316,A,B,walkway,6.604166666666667,12.821428571428571,F,F,waiting,0.1520833333333333,0.75,A,D,walkway,0.0208333333333333,0.3333333333333333,A,B,walkway,0.0119444444444444,0.0666666666666666,A,A,walkway,0.3222222222222222,0.75,B,D,walkway,0.0791666666666666,0.5,A,C,walkway,0.0302777777777777,0.0666666666666666,A,A,walkway
p50_cfg1_s42,0.5,1,42,3.204408060453401,8.650000000000006,22.85220070422536,0.0338333333333333,0.1072,A,A,walkway,0.2535714285714285,1.2142857142857142,A,C,waiting,0.2107638888888889,0.875,A,D,walkway,0.0625,0.5,A,C,walkway,0.0194444444444444,0.0666666666666666,A,A,walkway,0.5222222222222223,1.6666666666666667,C,E,walkway,0.6,1.8333333333333333,C,E,walkway,0.0352777777777777,0.0666666666666666,A,A,walkway
p50_cfg1_s43,0.5,1,43,2.729465370595382,7.900000000000006,23.831414473684223,0.0358333333333333,0.1024,A,A,walkway,0.2547619047619047,1.1071428571428572,A,C,waiting,0.2309027777777777,0.9166666666666666,A,D,walkway,0.1194444444444444,1.0,A,D,walkway,0.0211111111111111,0.0666666666666666,A,A,walkway,0.5805555555555555,1.6666666666666667,C,E,walkway,0.663888888888889,2.0,C,E,walkway,0.0363888888888888,0.0666666666666666,A,A,walkway
p50_cfg1_s44,0.5,1,44,2.877261462205701,7.885000000000008,21.874077328646766,0.0334733333333333,0.1072,A,A,walkway,0.2479166666666666,0.9285714285714286,A,B,waiting,0.2225694444444444,0.9166666666666666,A,D,walkway,0.0930555555555555,0.8333333333333334,A,D,walkway,0.0208333333333333,0.0666666666666666,A,A,walkway,0.4854166666666666,1.4583333333333333,C,E,walkway,0.5458333333333333,1.8333333333333333,C,E,walkway,0.0338888888888888,0.0666666666666666,A,A,walkway
p50_cfg1_s45,0.5,1,45,3.0901400233372214,8.559999999999999,23.527066450567272,0.03822,0.108,A,A,walkway,0.2708333333333333,1.0,A,B,waiting,0.2298611111111111,0.875,A,D,walkway,0.0972222222222222,1.0,A,D,walkway,0.0222222222222222,0.0666666666666666,A,A,walkway,0.58125,1.5,C,E,walkway,0.7097222222222223,2.0,D,E,walkway,0.0383333333333333,0.0666666666666666,A,A,walkway
p50_cfg1_s46,0.5,1,46,2.955980271270034,9.199999999999967,23.22335581787522,0.0356733333333333,0.1088,A,A,walkway,0.2544642857142857,0.9642857142857144,A,B,waiting,0.215625,0.8333333333333334,A,D,walkway,0.0736111111111111,0.6666666666666666,A,C,walkway,0.0197222222222222,0.0666666666666666,A,A,walkway,0.5725694444444446,1.6666666666666667,C,E,walkway,0.625,1.8333333333333333,C,E,walkway,0.0372222222222222,0.0666666666666666,A,A,walkway
p50_cfg2_s42,0.5,2,42,3.2017002518891693,13.850000000000003,24.423358208955232,0.0370533333333333,0.112,A,A,walkway,0.2669642857142857,1.3571428571428572,A,C,waiting,0.3527777777777777,1.125,B,E,walkway,0.3791666666666666,1.6666666666666667,B,E,walkway,0.0283333333333333,0.0666666666666666,A,A,walkway,0.5256944444444444,1.5833333333333333,C,E,walkway,0.6722222222222223,1.8333333333333333,C,E,walkway,0.0355555555555555,0.0666666666666666,A,A,walkway
p50_cfg2_s43,0.5,2,43,2.743377885783718,11.245000000000005,24.540528634361248,0.03754,0.1072,A,A,walkway,0.2550595238095238,1.1785714285714286,A,C,waiting,0.3628472222222222,1.1666666666666667,B,E,walkway,0.3152777777777777,1.6666666666666667,B,E,walkway,0.0299999999999999,0.0666666666666666,A,A,walkway,0.5527777777777777,1.5833333333333333,C,E,walkway,0.675,2.0,C,E,walkway,0.0363888888888888,0.0666666666666666,A,A,walkway
p50_cfg2_s44,0.5,2,44,1.8873605947955396,8.30000000000005,24.70442278860571,0.0360266666666666,0.1056,A,A,walkway,0.2145833333333333,1.0357142857142858,A,C,waiting,0.353125,1.2083333333333333,B,E,walkway,0.3125,1.6666666666666667,B,E,walkway,0.0280555555555555,0.0666666666666666,A,A,walkway,0.5475694444444444,1.625,C,E,walkway,0.663888888888889,1.8333333333333333,C,E,walkway,0.035,0.0666666666666666,A,A,walkway
p50_cfg2_s45,0.5,2,45,2.8863477246207694,12.049999999999985,24.566068866571037,0.039,0.1112,A,A,walkway,0.2741071428571428,1.25,A,C,waiting,0.3732638888888889,1.0833333333333333,B,E,walkway,0.3541666666666667,1.6666666666666667,B,E,walkway,0.0299999999999999,0.0666666666666666,A,A,walkway,0.5600694444444445,1.5833333333333333,C,E,walkway,0.6958333333333333,1.8333333333333333,C,E,walkway,0.0369444444444444,0.0666666666666666,A,A,walkway
p50_cfg2_s46,0.5,2,46,2.042540073982736,10.074999999999989,23.8327067669173,0.0354933333333333,0.1056,A,A,walkway,0.2214285714285714,1.1071428571428572,A,C,waiting,0.3409722222222223,1.0416666666666667,B,E,walkway,0.2513888888888889,1.5,A,E,walkway,0.0283333333333333,0.0666666666666666,A,A,walkway,0.5298611111111112,1.6666666666666667,C,E,walkway,0.6833333333333333,2.0,C,E,walkway,0.0358333333333333,0.0666666666666666,A,A,walkway
p50_cfg3_s42,0.5,3,42,4.2433879093199,17.902499999999964,25.37375000000001,0.0405066666666666,0.112,A,A,walkway,0.3038690476190476,1.5357142857142858,A,D,waiting,0.3649305555555556,1.0833333333333333,B,E,walkway,0.3569444444444444,1.8333333333333333,B,E,walkway,0.0299999999999999,0.0666666666666666,A,A,walkway,0.638888888888889,1.6666666666666667,C,E,walkway,0.7305555555555555,2.0,D,E,walkway,0.0383333333333333,0.0666666666666666,A,A,walkway
p50_cfg3_s43,0.5,3,43,4.540704738760632,17.994999999999997,26.65750670241288,0.0434133333333333,0.1176,A,A,walkway,0.3270833333333333,1.6785714285714286,A,D,waiting,0.3788194444444444,1.0833333333333333,B,E,walkway,0.3902777777777778,1.8333333333333333,B,E,walkway,0.0322222222222222,0.0666666666666666,A,A,walkway,0.6961805555555556,1.75,C,E,walkway,0.8402777777777779,2.0,D,E,walkway,0.0405555555555555,0.0666666666666666,A,A,walkway
p50_cfg3_s44,0.5,3,44,4.068463444857497,16.385000000000026,26.171114167812934,0.0417266666666666,0.1136,A,A,walkway,0.2997023809523809,1.4285714285714286,A,D,waiting,0.3621527777777778,1.1666666666666667,B,E,walkway,0.3777777777777778,1.8333333333333333,B,E,walkway,0.0297222222222222,0.0666666666666666,A,A,walkway,0.6815972222222222,1.875,C,E,walkway,0.7875,2.1666666666666665,D,F,walkway,0.0388888888888888,0.0666666666666666,A,A,walkway
p50_cfg3_s45,0.5,3,45,5.16213535589265,21.10000000000001,26.088216957605997,0.0464133333333333,0.1184,A,A,walkway,0.3702380952380952,1.6428571428571428,A,D,waiting,0.3972222222222222,1.0416666666666667,B,E,walkway,0.3583333333333333,1.8333333333333333,B,E,walkway,0.0322222222222222,0.0666666666666666,A,A,walkway,0.7555555555555554,1.9166666666666667,D,E,walkway,0.8708333333333333,2.0,D,E,walkway,0.0427777777777777,0.0666666666666666,A,A,walkway
p50_cfg3_s46,0.5,3,46,3.3027127003699137,16.624999999999993,26.33505434782609,0.04144,0.116,A,A,walkway,0.2717261904761905,1.4285714285714286,A,D,waiting,0.3815972222222222,1.2083333333333333,B,E,walkway,0.4097222222222222,1.8333333333333333,C,E,walkway,0.0294444444444444,0.0666666666666666,A,A,walkway,0.6694444444444444,1.8333333333333333,C,E,walkway,0.7958333333333333,2.0,D,E,walkway,0.0408333333333333,0.0666666666666666,A,A,walkway
p50_cfg4_s42,0.5,4,42,10.235264483627205,39.40999999999994,24.30423620025675,0.04636,0.1232,A,A,walkway,0.5556547619047619,2.1785714285714284,A,D,waiting,0.3697916666666667,1.2083333333333333,B,E,walkway,0.3416666666666667,1.8333333333333333,B,E,walkway,0.0299999999999999,0.0666666666666666,A,A,walkway,0.6482638888888889,1.625,C,E,walkway,0.8569444444444444,2.0,D,E,walkway,0.0430555555555555,0.0666666666666666,A,A,walkway
p50_cfg4_s43,0.5,4,43,9.5093560145808,39.40499999999998,24.55858585858586,0.0473733333333333,0.1208,A,A,walkway,0.5544642857142856,2.2857142857142856,A,D,waiting,0.3996527777777778,1.1666666666666667,B,E,walkway,0.325,1.8333333333333333,B,E,walkway,0.0324999999999999,0.0666666666666666,A,A,walkway,0.6559027777777778,1.5,C,E,walkway,0.8666666666666667,2.0,D,E,walkway,0.0427777777777777,0.0666666666666666,A,A,walkway
p50_cfg4_s44,0.5,4,44,8.917719950433705,38.995,24.41849673202616,0.0454866666666666,0.1208,A,A,walkway,0.5196428571428571,2.2142857142857144,A,D,waiting,0.39375,1.25,B,E,walkway,0.3638888888888889,1.8333333333333333,B,E,walkway,0.0313888888888888,0.0666666666666666,A,A,walkway,0.6260416666666667,1.625,C,E,walkway,0.8027777777777778,2.0,D,E,walkway,0.0422222222222222,0.0666666666666666,A,A,walkway
p50_cfg4_s45,0.5,4,45,10.815227537922985,41.33999999999997,25.440282902829036,0.0512533333333333,0.1248,A,A,walkway,0.6395833333333333,2.5,A,D,waiting,0.4253472222222222,1.25,C,E,walkway,0.3875,1.6666666666666667,B,E,walkway,0.0327777777777777,0.0666666666666666,A,A,walkway,0.7006944444444445,1.625,D,E,walkway,0.9277777777777778,2.0,D,E,walkway,0.0436111111111111,0.0666666666666666,A,A,walkway
p50_cfg4_s46,0.5,4,46,10.904932182490754,44.87500000000003,24.350392670157078,0.0473599999999999,0.1272,A,A,walkway,0.6125,2.4642857142857144,A,D,waiting,0.3996527777777777,1.2083333333333333,B,E,walkway,0.3652777777777777,1.6666666666666667,B,E,walkway,0.0313888888888888,0.0666666666666666,A,A,walkway,0.6260416666666667,1.6666666666666667,C,E,walkway,0.7902777777777779,2.0,D,E,walkway,0.0408333333333333,0.0666666666666666,A,A,walkway
p50_cfg5_s42,0.5,5,42,21.410828025477706,80.48,19.070915032679743,0.0518533333333333,0.1224,A,A,walkway,1.1104166666666666,2.857142857142857,C,D,waiting,0.3878472222222223,1.0,B,D,walkway,0.2180555555555555,1.6666666666666667,A,E,walkway,0.035,0.0666666666666666,A,A,walkway,0.4631944444444444,1.2916666666666667,C,E,walkway,0.4611111111111111,1.8333333333333333,C,E,walkway,0.0383333333333333,0.0666666666666666,A,A,walkway
p50_cfg5_s43,0.5,5,43,20.376824817518248,75.13249999999998,20.841165413533844,0.0539133333333333,0.1256,A,A,walkway,1.0726190476190476,3.0,C,D,waiting,0.4270833333333333,1.125,C,E,walkway,0.25,1.6666666666666667,A,E,walkway,0.0349999999999999,0.0666666666666666,A,A,walkway,0.5347222222222221,1.5,C,E,walkway,0.5569444444444446,1.8333333333333333,C,E,walkway,0.0402777777777777,0.0666666666666666,A,A,walkway
p50_cfg5_s44,0.5,5,44,16.960251572327042,69.21499999999995,21.35640362225098,0.0505533333333333,0.1272,A,A,walkway,0.93125,2.5,B,D,waiting,0.4024305555555555,1.2083333333333333,C,E,walkway,0.3041666666666666,1.6666666666666667,B,E,walkway,0.0341666666666666,0.0666666666666666,A,A,walkway,0.5340277777777779,1.5,C,E,walkway,0.5597222222222222,1.8333333333333333,C,E,walkway,0.0386111111111111,0.0666666666666666,A,A,walkway
p50_cfg5_s45,0.5,5,45,20.690347721822548,79.80749999999999,19.94703703703705,0.0564666666666666,0.1288,A,A,walkway,1.2071428571428575,3.107142857142857,C,D,waiting,0.4260416666666666,1.0833333333333333,C,E,walkway,0.2097222222222222,1.3333333333333333,A,E,walkway,0.0344444444444444,0.0666666666666666,A,A,walkway,0.5184027777777778,1.4166666666666667,C,E,walkway,0.5638888888888889,1.8333333333333333,C,E,walkway,0.0397222222222222,0.0666666666666666,A,A,walkway
p50_cfg5_s46,0.5,5,46,21.53556116015132,87.4,19.981765463917533,0.0540266666666666,0.1288,A,A,walkway,1.1672619047619046,3.0357142857142856,C,D,waiting,0.4006944444444444,1.0,C,D,walkway,0.2416666666666666,1.6666666666666667,A,E,walkway,0.0355555555555555,0.0666666666666666,A,A,walkway,0.4927083333333333,1.375,C,E,walkway,0.5291666666666667,1.8333333333333333,C,E,walkway,0.0391666666666666,0.0666666666666666,A,A,walkway
p50_cfg6_s42,0.5,6,42,56.52294303797469,231.495,18.723909531502425,0.10268,0.1936,A,A,walkway,3.566071428571429,6.857142857142857,E,F,waiting,0.2409722222222222,1.0,A,D,walkway,0.1236111111111111,1.5,A,E,walkway,0.0205555555555555,0.0666666666666666,A,A,walkway,0.4597222222222222,1.25,C,E,walkway,0.3263888888888889,1.6666666666666667,B,E,walkway,0.0377777777777777,0.0666666666666666,A,A,walkway
p50_cfg6_s43,0.5,6,43,55.57142857142857,258.37500000000006,19.59021909233177,0.1113533333333333,0.2168,A,A,walkway,3.882738095238096,7.25,E,F,waiting,0.2680555555555555,1.25,A,E,walkway,0.1166666666666666,1.5,A,E,walkway,0.0216666666666666,0.0666666666666666,A,A,walkway,0.4756944444444445,1.375,C,E,walkway,0.4041666666666667,1.8333333333333333,C,E,walkway,0.0383333333333333,0.0666666666666666,A,A,walkway
p50_cfg6_s44,0.5,6,44,51.30095541401275,227.0775,18.222661290322584,0.09756,0.2088,A,A,walkway,3.35654761904762,7.178571428571429,E,F,waiting,0.2364583333333333,1.0,A,D,walkway,0.1444444444444444,1.5,A,E,walkway,0.0197222222222222,0.0666666666666666,A,A,walkway,0.4454861111111111,1.1666666666666667,C,E,walkway,0.3,1.6666666666666667,A,E,walkway,0.0377777777777777,0.0666666666666666,A,A,walkway
p50_cfg6_s45,0.5,6,45,56.06071964017991,244.295,19.24033485540335,0.1141866666666666,0.2288,A,A,walkway,3.996130952380952,7.75,E,F,waiting,0.2590277777777778,0.9583333333333334,A,D,walkway,0.1319444444444444,1.3333333333333333,A,E,walkway,0.0219444444444444,0.0666666666666666,A,A,walkway,0.465625,1.2083333333333333,C,E,walkway,0.5055555555555556,1.8333333333333333,C,E,walkway,0.0405555555555555,0.0666666666666666,A,A,walkway
p50_cfg6_s46,0.5,6,46,69.55658333333332,311.5824999999999,18.037309644670064,0.12452,0.2416,A,A,walkway,4.550297619047618,8.321428571428571,E,F,waiting,0.2423611111111111,1.0833333333333333,A,E,walkway,0.1111111111111111,1.3333333333333333,A,E,walkway,0.0202777777777777,0.0666666666666666,A,A,walkway,0.4027777777777777,1.0,C,D,walkway,0.2930555555555555,1.6666666666666667,A,E,walkway,0.0349999999999999,0.0666666666666666,A,A,walkway
p70_cfg1_s42,0.7,1,42,4.339483627204031,12.117499999999984,18.883932346723054,0.0361133333333333,0.1048,A,A,walkway,0.3116071428571428,1.0,A,B,waiting,0.1225694444444444,0.5416666666666666,A,C,walkway,0.0277777777777777,0.5,A,C,walkway,0.0108333333333333,0.0666666666666666,A,A,walkway,0.434375,1.2083333333333333,C,E,walkway,0.2375,1.6666666666666667,A,E,walkway,0.0327777777777777,0.0666666666666666,A,A,walkway
p70_cfg1_s43,0.7,1,43,4.466828675577149,12.150000000000002,20.136895161290333,0.0392599999999999,0.1088,A,A,walkway,0.34375,0.9642857142857144,A,B,waiting,0.1413194444444444,0.6666666666666666,A,C,walkway,0.0333333333333333,0.5,A,C,walkway,0.0125,0.0666666666666666,A,A,walkway,0.465625,1.2916666666666667,C,E,walkway,0.325,1.8333333333333333,B,E,walkway,0.0352777777777777,0.0666666666666666,A,A,walkway
p70_cfg1_s44,0.7,1,44,4.1515489467162245,11.785000000000004,20.260792079207928,0.0361466666666666,0.1144,A,A,walkway,0.2958333333333333,0.8928571428571429,A,B,waiting,0.1538194444444444,0.7083333333333334,A,D,walkway,0.0444444444444444,0.8333333333333334,A,D,walkway,0.0122222222222222,0.0666666666666666,A,A,walkway,0.4572916666666666,1.3333333333333333,C,E,walkway,0.375,1.8333333333333333,B,E,walkway,0.0338888888888888,0.0666666666666666,A,A,walkway
p70_cfg1_s45,0.7,1,45,4.658926487747955,12.660000000000029,19.93264150943397,0.0410199999999999,0.1088,A,A,walkway,0.3494047619047619,0.9642857142857144,A,B,waiting,0.1388888888888889,0.7083333333333334,A,D,walkway,0.0333333333333333,0.6666666666666666,A,C,walkway,0.0127777777777777,0.0666666666666666,A,A,walkway,0.4947916666666667,1.25,C,E,walkway,0.3708333333333333,1.8333333333333333,B,E,walkway,0.0358333333333333,0.0666666666666666,A,A,walkway
p70_cfg1_s46,0.7,1,46,4.84808877928484,13.649999999999984,18.03832271762209,0.0371733333333333,0.112,A,A,walkway,0.3321428571428572,0.9285714285714286,A,B,waiting,0.128125,0.625,A,C,walkway,0.0263888888888888,0.6666666666666666,A,C,walkway,0.0130555555555555,0.0666666666666666,A,A,walkway,0.417361111111111,1.0416666666666667,C,E,walkway,0.1833333333333333,1.6666666666666667,A,E,walkway,0.0322222222222222,0.0666666666666666,A,A,walkway
p70_cfg2_s42,0.7,2,42,0.5485516372795975,2.3999999999999773,20.768047882136287,0.0282266666666666,0.0904,A,A,walkway,0.1669642857142857,0.8214285714285714,A,B,waiting,0.3034722222222221,1.125,B,E,walkway,0.1763888888888889,1.6666666666666667,A,E,walkway,0.0241666666666666,0.0666666666666666,A,A,walkway,0.3527777777777777,1.2916666666666667,B,E,walkway,0.3375,1.8333333333333333,B,E,walkway,0.0277777777777777,0.0666666666666666,A,A,walkway
p70_cfg2_s43,0.7,2,43,0.6012758201701095,2.194999999999992,21.25773480662984,0.0292466666666666,0.092,A,A,walkway,0.1791666666666666,0.7857142857142857,A,A,waiting,0.3024305555555556,1.1666666666666667,B,E,walkway,0.1486111111111111,1.5,A,E,walkway,0.0247222222222222,0.0666666666666666,A,A,walkway,0.3663194444444444,1.4166666666666667,B,E,walkway,0.3861111111111111,1.8333333333333333,B,E,walkway,0.0280555555555555,0.0666666666666666,A,A,walkway
p70_cfg2_s44,0.7,2,44,0.7758983890954155,3.269999999999975,19.80317919075145,0.02724,0.0912,A,A,walkway,0.1758928571428571,0.75,A,A,waiting,0.3006944444444445,1.0833333333333333,B,E,walkway,0.1888888888888888,1.6666666666666667,A,E,walkway,0.0230555555555555,0.0666666666666666,A,A,walkway,0.3104166666666667,1.125,B,E,walkway,0.2083333333333333,1.6666666666666667,A,E,walkway,0.0255555555555555,0.0666666666666666,A,A,walkway
p70_cfg2_s45,0.7,2,45,0.6449824970828473,2.6499999999999773,21.162478336221845,0.0304333333333333,0.0912,A,A,walkway,0.18125,0.75,A,A,waiting,0.3190972222222222,1.0833333333333333,B,E,walkway,0.1625,1.3333333333333333,A,E,walkway,0.0252777777777777,0.0666666666666666,A,A,walkway,0.3986111111111111,1.4583333333333333,B,E,walkway,0.3722222222222222,1.8333333333333333,B,E,walkway,0.0297222222222222,0.0666666666666666,A,A,walkway
p70_cfg2_s46,0.7,2,46,0.5715166461159062,2.4000000000000057,20.968098720292517,0.0285333333333333,0.0984,A,A,walkway,0.1678571428571428,0.75,A,A,waiting,0.2982638888888889,1.0416666666666667,A,E,walkway,0.1458333333333333,1.1666666666666667,A,E,walkway,0.0238888888888888,0.0666666666666666,A,A,walkway,0.3795138888888889,1.4166666666666667,B,E,walkway,0.325,1.8333333333333333,B,E,walkway,0.0286111111111111,0.0666666666666666,A,A,walkway
p70_cfg3_s42,0.7,3,42,0.5280856423173804,3.0174999999999894,24.27985436893205,0.0331399999999999,0.096,A,A,walkway,0.1651785714285714,0.7857142857142857,A,A,waiting,0.3065972222222222,1.125,B,E,walkway,0.2319444444444444,1.6666666666666667,A,E,walkway,0.0241666666666666,0.0666666666666666,A,A,walkway,0.5270833333333333,1.5833333333333333,C,E,walkway,0.6083333333333333,2.0,C,E,walkway,0.0347222222222222,0.0666666666666666,A,A,walkway
p70_cfg3_s43,0.7,3,43,0.4424665856622121,2.4000000000000816,24.59312000000001,0.0339,0.0984,A,A,walkway,0.1622023809523809,0.7142857142857143,A,A,waiting,0.3020833333333333,1.0833333333333333,B,E,walkway,0.1236111111111111,1.0,A,D,walkway,0.0255555555555555,0.0666666666666666,A,A,walkway,0.563888888888889,1.7916666666666667,C,E,walkway,0.6861111111111111,2.0,C,E,walkway,0.0363888888888888,0.0666666666666666,A,A,walkway
p70_cfg3_s44,0.7,3,44,0.5144981412639404,3.320000000000009,25.317304625199373,0.03456,0.104,A,A,walkway,0.1595238095238094,0.7142857142857143,A,A,waiting,0.3013888888888889,1.1666666666666667,B,E,walkway,0.1972222222222222,1.8333333333333333,A,E,walkway,0.0233333333333333,0.0666666666666666,A,A,walkway,0.5868055555555556,1.7916666666666667,C,E,walkway,0.6722222222222222,2.0,C,E,walkway,0.0361111111111111,0.0666666666666666,A,A,walkway
p70_cfg3_s45,0.7,3,45,1.0011668611435245,6.559999999999953,26.111443148688053,0.0387466666666666,0.1088,A,A,walkway,0.1985119047619047,0.9285714285714286,A,B,waiting,0.3444444444444444,1.125,B,E,walkway,0.325,1.6666666666666667,B,E,walkway,0.0272222222222222,0.0666666666666666,A,A,walkway,0.64375,1.9583333333333333,C,E,walkway,0.7291666666666666,2.0,D,E,walkway,0.0383333333333333,0.0666666666666666,A,A,walkway
p70_cfg3_s46,0.7,3,46,0.3862515413070284,2.40000000000002,24.36930533117933,0.0335333333333333,0.1016,A,A,walkway,0.1574404761904762,0.7142857142857143,A,A,waiting,0.3024305555555556,1.0833333333333333,B,E,walkway,0.1861111111111111,1.1666666666666667,A,E,walkway,0.025,0.0666666666666666,A,A,walkway,0.5416666666666666,1.6666666666666667,C,E,walkway,0.6402777777777778,2.0,C,E,walkway,0.0355555555555555,0.0666666666666666,A,A,walkway
p70_cfg4_s42,0.7,4,42,1.3455289672544086,8.767499999999995,26.06781609195403,0.0374333333333333,0.1088,A,A,walkway,0.1839285714285714,0.8571428571428571,A,B,waiting,0.3902777777777777,1.25,B,E,walkway,0.4361111111111111,1.8333333333333333,C,E,walkway,0.0294444444444444,0.0666666666666666,A,A,walkway,0.5854166666666667,1.7083333333333333,C,E,walkway,0.7055555555555555,2.0,D,E,walkway,0.0363888888888888,0.0666666666666666,A,A,walkway
p70_cfg4_s43,0.7,4,43,0.8847509113001213,5.60000000000002,27.121397694524507,0.0385266666666666,0.1048,A,A,walkway,0.1788690476190476,0.8571428571428571,A,B,waiting,0.3996527777777778,1.375,B,E,walkway,0.4430555555555556,1.8333333333333333,C,E,walkway,0.0302777777777777,0.0666666666666666,A,A,walkway,0.6215277777777779,1.8333333333333333,C,E,walkway,0.7069444444444444,2.0,D,E,walkway,0.0361111111111111,0.0666666666666666,A,A,walkway
p70_cfg4_s44,0.7,4,44,1.8543370508054515,11.219999999999995,26.17032577903684,0.0387533333333333,0.1136,A,A,walkway,0.2160714285714285,0.8928571428571429,A,B,waiting,0.4128472222222222,1.2916666666666667,C,E,walkway,0.4319444444444444,1.8333333333333333,C,E,walkway,0.0302777777777777,0.0666666666666666,A,A,walkway,0.5888888888888889,1.8333333333333333,C,E,walkway,0.7041666666666667,2.0,D,E,walkway,0.0361111111111111,0.0666666666666666,A,A,walkway
p70_cfg4_s45,0.7,4,45,1.2181446907817972,7.8,26.66139502762432,0.0398733333333333,0.108,A,A,walkway,0.1904761904761905,0.9285714285714286,A,B,waiting,0.4076388888888889,1.25,C,E,walkway,0.4680555555555555,1.8333333333333333,C,E,walkway,0.0305555555555555,0.0666666666666666,A,A,walkway,0.6315972222222223,1.7916666666666667,C,E,walkway,0.7527777777777778,2.0,D,E,walkway,0.0391666666666666,0.0666666666666666,A,A,walkway
p70_cfg4_s46,0.7,4,46,1.7762638717632548,11.27500000000002,26.643235704323587,0.0395533333333333,0.1112,A,A,walkway,0.2116071428571428,1.0714285714285714,A,C,waiting,0.4142361111111111,1.4166666666666667,C,E,walkway,0.4347222222222223,1.8333333333333333,C,E,walkway,0.0305555555555555,0.0666666666666666,A,A,walkway,0.625,1.875,C,E,walkway,0.7277777777777777,2.0,D,E,walkway,0.0372222222222222,0.0666666666666666,A,A,walkway
p70_cfg5_s42,0.7,5,42,3.8979848866498736,24.649999999999977,26.827046979865777,0.04226,0.1136,A,A,walkway,0.2925595238095238,1.2142857142857142,A,C,waiting,0.3972222222222222,1.2083333333333333,B,E,walkway,0.4027777777777778,1.8333333333333333,C,E,walkway,0.0308333333333333,0.0666666666666666,A,A,walkway,0.69375,1.9583333333333333,C,E,walkway,0.7958333333333333,2.0,D,E,walkway,0.04,0.0666666666666666,A,A,walkway
p70_cfg5_s43,0.7,5,43,4.261543134872418,26.74,26.93826998689385,0.0440466666666666,0.1168,A,A,walkway,0.325,1.5,A,D,waiting,0.4048611111111111,1.25,C,E,walkway,0.4569444444444445,1.8333333333333333,C,E,walkway,0.0325,0.0666666666666666,A,A,walkway,0.7048611111111112,1.9166666666666667,D,E,walkway,0.8277777777777778,2.0,D,E,walkway,0.0405555555555555,0.0666666666666666,A,A,walkway
p70_cfg5_s44,0.7,5,44,5.340210656753407,32.81499999999992,26.942462987886955,0.0441,0.1224,A,A,walkway,0.3666666666666666,1.7857142857142858,A,D,waiting,0.3986111111111111,1.1666666666666667,B,E,walkway,0.3569444444444444,1.8333333333333333,B,E,walkway,0.0297222222222222,0.0666666666666666,A,A,walkway,0.7114583333333333,1.8333333333333333,D,E,walkway,0.8194444444444444,2.0,D,E,walkway,0.04,0.0666666666666666,A,A,walkway
p70_cfg5_s45,0.7,5,45,5.735939323220538,34.87999999999995,26.913011152416367,0.0473466666666666,0.1208,A,A,walkway,0.4038690476190475,1.8214285714285716,A,D,waiting,0.4163194444444444,1.2083333333333333,C,E,walkway,0.4236111111111112,1.8333333333333333,C,E,walkway,0.0333333333333333,0.0666666666666666,A,A,walkway,0.7715277777777778,2.0,D,E,walkway,0.8861111111111111,2.0,D,E,walkway,0.045,0.0666666666666666,A,A,walkway
p70_cfg5_s46,0.7,5,46,3.029716399506781,17.549999999999955,27.339600000000004,0.0427,0.1168,A,A,walkway,0.2666666666666666,1.25,A,C,waiting,0.4065972222222223,1.2916666666666667,C,E,walkway,0.4430555555555556,1.8333333333333333,C,E,walkway,0.0313888888888888,0.0666666666666666,A,A,walkway,0.7173611111111112,2.125,D,F,walkway,0.8041666666666667,2.0,D,E,walkway,0.04,0.0666666666666666,A,A,walkway
p70_cfg6_s42,0.7,6,42,23.35078023407022,119.42999999999996,24.05504087193461,0.0593933333333333,0.128,A,A,walkway,1.2720238095238097,2.4285714285714284,C,D,waiting,0.3319444444444445,1.2916666666666667,B,E,walkway,0.3625,1.8333333333333333,B,E,walkway,0.0272222222222222,0.0666666666666666,A,A,walkway,0.6347222222222223,1.75,C,E,walkway,0.7,2.0,C,E,walkway,0.0433333333333333,0.0666666666666666,A,A,walkway
p70_cfg6_s43,0.7,6,43,26.343380462724937,131.83999999999995,23.61584224598932,0.0652266666666666,0.1408,A,A,walkway,1.5342261904761905,2.75,D,D,waiting,0.3409722222222222,1.25,B,E,walkway,0.3305555555555556,1.6666666666666667,B,E,walkway,0.0252777777777777,0.0666666666666666,A,A,walkway,0.6322916666666667,1.75,C,E,walkway,0.7055555555555555,2.0,D,E,walkway,0.0447222222222222,0.0666666666666666,A,A,walkway
p70_cfg6_s44,0.7,6,44,14.31875800256082,84.45000000000002,24.20105820105821,0.0523533333333333,0.132,A,A,walkway,0.875,2.2857142857142856,B,D,waiting,0.3638888888888889,1.2916666666666667,B,E,walkway,0.3805555555555556,1.6666666666666667,B,E,walkway,0.0277777777777777,0.0666666666666666,A,A,walkway,0.6451388888888888,1.5416666666666667,C,E,walkway,0.7069444444444445,2.0,D,E,walkway,0.0433333333333333,0.0666666666666666,A,A,walkway
p70_cfg6_s45,0.7,6,45,14.405648038049945,83.64999999999998,25.234725685785545,0.05548,0.1248,A,A,walkway,0.8958333333333334,1.9285714285714288,B,D,waiting,0.4003472222222222,1.375,C,E,walkway,0.4333333333333333,1.8333333333333333,C,E,walkway,0.0297222222222222,0.0666666666666666,A,A,walkway,0.7086805555555556,1.9166666666666667,D,E,walkway,0.7805555555555554,1.8333333333333333,D,E,walkway,0.0466666666666666,0.0666666666666666,A,A,walkway
p70_cfg6_s46,0.7,6,46,19.57805031446541,103.455,24.011795543905645,0.0567133333333333,0.1296,A,A,walkway,1.0913690476190476,2.2857142857142856,C,D,waiting,0.3659722222222222,1.375,B,E,walkway,0.4222222222222223,1.8333333333333333,C,E,walkway,0.0266666666666666,0.0666666666666666,A,A,walkway,0.6402777777777778,1.5833333333333333,C,E,walkway,0.673611111111111,1.8333333333333333,C,E,walkway,0.0461111111111111,0.0666666666666666,A,A,walkway
p80_cfg1_s42,0.8,1,42,5.687468513853903,13.917499999999976,18.34639423076924,0.0405866666666666,0.1152,A,A,walkway,0.3889880952380952,1.0,A,B,waiting,0.0888888888888888,0.5,A,C,walkway,0.0055555555555555,0.1666666666666666,A,A,walkway,0.0077777777777777,0.0666666666666666,A,A,walkway,0.4131944444444444,1.2083333333333333,C,E,walkway,0.1125,1.6666666666666667,A,E,walkway,0.0322222222222222,0.0666666666666666,A,A,walkway
p80_cfg1_s43,0.8,1,43,5.964216281895504,14.544999999999996,18.21116071428572,0.04298,0.1112,A,A,walkway,0.4026785714285714,1.2142857142857142,A,C,waiting,0.1,0.6666666666666666,A,C,walkway,0.0138888888888888,0.3333333333333333,A,B,walkway,0.0105555555555555,0.0666666666666666,A,A,walkway,0.4350694444444444,0.9583333333333334,C,D,walkway,0.1097222222222222,0.8333333333333334,A,D,walkway,0.0313888888888888,0.0666666666666666,A,A,walkway
p80_cfg1_s44,0.8,1,44,6.0092936802974,15.149999999999975,18.957038834951465,0.0424666666666666,0.1152,A,A,walkway,0.4017857142857143,1.0357142857142858,A,C,waiting,0.0916666666666666,0.5,A,C,walkway,0.0166666666666666,0.3333333333333333,A,B,walkway,0.0083333333333333,0.0666666666666666,A,A,walkway,0.420486111111111,1.1666666666666667,C,E,walkway,0.1486111111111111,1.8333333333333333,A,E,walkway,0.0305555555555555,0.0666666666666666,A,A,walkway
p80_cfg1_s45,0.8,1,45,6.368728121353561,15.300000000000011,19.0446623093682,0.04598,0.1232,A,A,walkway,0.4258928571428571,1.0714285714285714,A,C,waiting,0.0944444444444444,0.5,A,C,walkway,0.0180555555555555,0.3333333333333333,A,B,walkway,0.0080555555555555,0.0666666666666666,A,A,walkway,0.471875,1.125,C,E,walkway,0.1736111111111111,1.5,A,E,walkway,0.0361111111111111,0.0666666666666666,A,A,walkway
p80_cfg1_s46,0.8,1,46,5.927435265104802,15.300000000000004,18.09688995215312,0.04144,0.1176,A,A,walkway,0.3916666666666666,1.0714285714285714,A,C,waiting,0.090625,0.4166666666666667,A,C,walkway,0.0083333333333333,0.1666666666666666,A,A,walkway,0.0083333333333333,0.0666666666666666,A,A,walkway,0.4170138888888889,1.0,C,D,walkway,0.0972222222222222,0.8333333333333334,A,D,walkway,0.0308333333333333,0.0666666666666666,A,A,walkway
p80_cfg2_s42,0.8,2,42,1.1417506297229212,4.135000000000002,18.07584033613446,0.0250266666666666,0.0816,A,A,walkway,0.1684523809523809,0.75,A,A,waiting,0.2586805555555555,0.9166666666666666,A,D,walkway,0.0833333333333333,1.0,A,D,walkway,0.0225,0.0666666666666666,A,A,walkway,0.2895833333333333,0.9583333333333334,A,D,walkway,0.125,0.8333333333333334,A,D,walkway,0.0241666666666666,0.0666666666666666,A,A,walkway
p80_cfg2_s43,0.8,2,43,1.2128797083839593,4.049999999999983,18.763190184049083,0.0266199999999999,0.0912,A,A,walkway,0.1875,0.8214285714285714,A,B,waiting,0.2732638888888888,0.9583333333333334,A,D,walkway,0.1041666666666666,0.6666666666666666,A,C,walkway,0.0222222222222222,0.0666666666666666,A,A,walkway,0.2993055555555555,1.0416666666666667,A,E,walkway,0.1805555555555555,1.3333333333333333,A,E,walkway,0.0247222222222222,0.0666666666666666,A,A,walkway
p80_cfg2_s44,0.8,2,44,1.1893432465923135,4.050000000000011,18.885205183585327,0.0259599999999999,0.0872,A,A,walkway,0.188095238095238,0.8571428571428571,A,B,waiting,0.2739583333333333,0.9583333333333334,A,D,walkway,0.0791666666666666,0.8333333333333334,A,D,walkway,0.0225,0.0666666666666666,A,A,walkway,0.2847222222222222,1.0833333333333333,A,E,walkway,0.1375,1.1666666666666667,A,E,walkway,0.0219444444444444,0.0666666666666666,A,A,walkway
p80_cfg2_s45,0.8,2,45,0.8663360560093358,3.1999999999999917,18.81969111969113,0.02762,0.0872,A,A,walkway,0.1851190476190476,0.7857142857142857,A,A,waiting,0.2993055555555555,1.25,A,E,walkway,0.0805555555555555,1.3333333333333333,A,E,walkway,0.0252777777777777,0.0666666666666666,A,A,walkway,0.3131944444444444,1.125,B,E,walkway,0.1847222222222222,1.6666666666666667,A,E,walkway,0.025,0.0666666666666666,A,A,walkway
p80_cfg2_s46,0.8,2,46,1.559001233045623,5.424999999999969,18.5728215767635,0.0262466666666666,0.0888,A,A,walkway,0.1892857142857143,0.8571428571428571,A,B,waiting,0.284375,1.0416666666666667,A,E,walkway,0.1194444444444444,1.3333333333333333,A,E,walkway,0.0233333333333333,0.0666666666666666,A,A,walkway,0.2784722222222222,1.0,A,D,walkway,0.1361111111111111,1.1666666666666667,A,E,walkway,0.0219444444444444,0.0666666666666666,A,A,walkway
p80_cfg3_s42,0.8,3,42,0.2559193954659953,1.3999999999999964,22.60299295774649,0.03024,0.0952,A,A,walkway,0.1577380952380952,0.7142857142857143,A,A,waiting,0.2631944444444444,1.0416666666666667,A,E,walkway,0.0902777777777777,0.8333333333333334,A,D,walkway,0.0213888888888888,0.0666666666666666,A,A,walkway,0.4767361111111111,1.5,C,E,walkway,0.5277777777777779,1.8333333333333333,C,E,walkway,0.0327777777777777,0.0666666666666666,A,A,walkway
p80_cfg3_s43,0.8,3,43,0.1936816524908876,0.8000000000000114,22.97831541218639,0.0313866666666666,0.0952,A,A,walkway,0.1651785714285714,0.6785714285714286,A,A,waiting,0.265625,0.9166666666666666,A,D,walkway,0.0736111111111111,0.8333333333333334,A,D,walkway,0.0205555555555555,0.0666666666666666,A,A,walkway,0.4784722222222222,1.5,C,E,walkway,0.5236111111111111,1.8333333333333333,C,E,walkway,0.0330555555555555,0.0666666666666666,A,A,walkway
p80_cfg3_s44,0.8,3,44,0.2165427509293676,0.8500000000000227,23.36783276450513,0.0319666666666666,0.0968,A,A,walkway,0.1598214285714286,0.6428571428571429,A,A,waiting,0.2725694444444444,1.125,A,E,walkway,0.1208333333333333,1.1666666666666667,A,E,walkway,0.0230555555555555,0.0666666666666666,A,A,walkway,0.5083333333333333,1.5833333333333333,C,E,walkway,0.5861111111111111,1.8333333333333333,C,E,walkway,0.0330555555555555,0.0666666666666666,A,A,walkway
p80_cfg3_s45,0.8,3,45,0.2355892648774788,0.8999999999999773,23.912372881355942,0.0332466666666666,0.1008,A,A,walkway,0.1699404761904762,0.6785714285714286,A,A,waiting,0.2850694444444444,1.0,A,D,walkway,0.1138888888888888,1.1666666666666667,A,E,walkway,0.0216666666666666,0.0666666666666666,A,A,walkway,0.5256944444444444,1.625,C,E,walkway,0.5777777777777777,1.8333333333333333,C,E,walkway,0.0336111111111111,0.0666666666666666,A,A,walkway
p80_cfg3_s46,0.8,3,46,0.1943896424167699,0.7999999999999972,23.49915110356537,0.0319466666666666,0.0976,A,A,walkway,0.1583333333333333,0.75,A,A,waiting,0.2833333333333333,0.9583333333333334,A,D,walkway,0.0708333333333333,0.6666666666666666,A,C,walkway,0.0225,0.0666666666666666,A,A,walkway,0.5260416666666666,1.7083333333333333,C,E,walkway,0.5486111111111112,2.0,C,E,walkway,0.0344444444444444,0.0666666666666666,A,A,walkway
p80_cfg4_s42,0.8,4,42,0.282682619647355,1.7849999999999917,24.143390357698294,0.0329666666666666,0.1016,A,A,walkway,0.1434523809523809,0.6428571428571429,A,A,waiting,0.3881944444444445,1.3333333333333333,B,E,walkway,0.3777777777777777,1.8333333333333333,B,E,walkway,0.0288888888888888,0.0666666666666666,A,A,walkway,0.4569444444444444,1.4166666666666667,C,E,walkway,0.5722222222222222,1.8333333333333333,C,E,walkway,0.0322222222222222,0.0666666666666666,A,A,walkway
p80_cfg4_s43,0.8,4,43,0.3121506682867558,2.3500000000000227,25.478323262839893,0.0353066666666666,0.0984,A,A,walkway,0.1491071428571428,0.6428571428571429,A,A,waiting,0.3854166666666667,1.2916666666666667,B,E,walkway,0.3638888888888889,1.8333333333333333,B,E,walkway,0.0286111111111111,0.0666666666666666,A,A,walkway,0.5354166666666667,1.625,C,E,walkway,0.65,2.0,C,E,walkway,0.0338888888888888,0.0666666666666666,A,A,walkway
p80_cfg4_s44,0.8,4,44,0.215737298636927,0.834999999999996,23.49152000000001,0.03202,0.0968,A,A,walkway,0.1410714285714286,0.6785714285714286,A,A,waiting,0.3722222222222223,1.3333333333333333,B,E,walkway,0.3055555555555556,1.6666666666666667,B,E,walkway,0.0280555555555555,0.0666666666666666,A,A,walkway,0.4475694444444444,1.5416666666666667,C,E,walkway,0.5180555555555556,1.8333333333333333,C,E,walkway,0.0313888888888888,0.0666666666666666,A,A,walkway
p80_cfg4_s45,0.8,4,45,0.3946907817969661,2.919999999999992,27.26495786516855,0.0394466666666666,0.1112,A,A,walkway,0.1642857142857142,0.6428571428571429,A,A,waiting,0.4177083333333333,1.375,C,E,walkway,0.4847222222222222,1.8333333333333333,C,E,walkway,0.0313888888888888,0.0666666666666666,A,A,walkway,0.623263888888889,1.9166666666666667,C,E,walkway,0.7583333333333333,1.8333333333333333,D,E,walkway,0.0372222222222222,0.0666666666666666,A,A,walkway
p80_cfg4_s46,0.8,4,46,0.5508631319358812,3.9250000000000256,24.43870481927712,0.0344666666666666,0.1072,A,A,walkway,0.1616071428571428,0.8214285714285714,A,B,waiting,0.4038194444444444,1.3333333333333333,C,E,walkway,0.425,1.8333333333333333,C,E,walkway,0.0299999999999999,0.0666666666666666,A,A,walkway,0.4770833333333333,1.4583333333333333,C,E,walkway,0.5625,2.0,C,E,walkway,0.0336111111111111,0.0666666666666666,A,A,walkway
p80_cfg5_s42,0.8,5,42,0.4772670025188918,3.7349999999999777,28.53607594936709,0.03972,0.1104,A,A,walkway,0.1488095238095238,0.6428571428571429,A,A,waiting,0.3798611111111111,1.2916666666666667,B,E,walkway,0.4277777777777777,1.8333333333333333,C,E,walkway,0.0283333333333333,0.0666666666666666,A,A,walkway,0.7236111111111112,2.2916666666666665,D,F,walkway,0.8222222222222223,2.1666666666666665,D,F,walkway,0.0391666666666666,0.0666666666666666,A,A,walkway
p80_cfg5_s43,0.8,5,43,1.078979343863912,7.094999999999995,28.25521262002745,0.0412066666666666,0.1064,A,A,walkway,0.181547619047619,0.8928571428571429,A,B,waiting,0.3916666666666666,1.25,B,E,walkway,0.4125,1.8333333333333333,C,E,walkway,0.0302777777777777,0.0666666666666666,A,A,walkway,0.7315972222222222,2.0416666666666665,D,F,walkway,0.8402777777777779,2.0,D,E,walkway,0.0397222222222222,0.0666666666666666,A,A,walkway
p80_cfg5_s44,0.8,5,44,0.8647459727385379,5.48500000000001,28.31786226685797,0.0395066666666666,0.112,A,A,walkway,0.1642857142857142,0.8571428571428571,A,B,waiting,0.3972222222222222,1.3333333333333333,B,E,walkway,0.425,1.8333333333333333,C,E,walkway,0.0286111111111111,0.0666666666666666,A,A,walkway,0.6850694444444444,2.083333333333333,C,F,walkway,0.7652777777777777,2.0,D,E,walkway,0.0388888888888888,0.0666666666666666,A,A,walkway
p80_cfg5_s45,0.8,5,45,1.908459743290548,16.329999999999963,28.580197368421068,0.0438266666666666,0.1192,A,A,walkway,0.2261904761904762,1.1071428571428572,A,C,waiting,0.4114583333333333,1.2916666666666667,C,E,walkway,0.4555555555555556,1.8333333333333333,C,E,walkway,0.0313888888888888,0.0666666666666666,A,A,walkway,0.7711805555555554,2.125,D,F,walkway,0.8833333333333333,2.1666666666666665,D,F,walkway,0.0402777777777777,0.0666666666666666,A,A,walkway
p80_cfg5_s46,0.8,5,46,1.3917385943279903,9.9,28.541196698762047,0.0413333333333333,0.1168,A,A,walkway,0.194047619047619,1.1785714285714286,A,C,waiting,0.3940972222222222,1.375,B,E,walkway,0.3805555555555556,1.8333333333333333,B,E,walkway,0.0291666666666666,0.0666666666666666,A,A,walkway,0.7496527777777778,2.333333333333333,D,F,walkway,0.8277777777777778,2.1666666666666665,D,F,walkway,0.0391666666666666,0.0666666666666666,A,A,walkway
p80_cfg6_s42,0.8,6,42,4.136083123425693,33.91999999999999,27.275606469002707,0.04272,0.1184,A,A,walkway,0.3074404761904761,1.25,A,C,waiting,0.3965277777777777,1.4166666666666667,B,E,walkway,0.4333333333333333,1.8333333333333333,C,E,walkway,0.0283333333333333,0.0666666666666666,A,A,walkway,0.6996527777777779,2.083333333333333,C,F,walkway,0.8180555555555554,2.1666666666666665,D,F,walkway,0.0422222222222222,0.0666666666666666,A,A,walkway
p80_cfg6_s43,0.8,6,43,5.597144592952611,44.085000000000015,26.867396907216506,0.0456733333333333,0.1168,A,A,walkway,0.3851190476190476,1.4285714285714286,A,D,waiting,0.4371527777777777,1.5416666666666667,C,E,walkway,0.5166666666666667,1.8333333333333333,C,E,walkway,0.0316666666666666,0.0666666666666666,A,A,walkway,0.6895833333333333,1.8333333333333333,C,E,walkway,0.8027777777777777,2.0,D,E,walkway,0.0422222222222222,0.0666666666666666,A,A,walkway
p80_cfg6_s44,0.8,6,44,4.8472636815920405,37.55499999999999,26.86398929049533,0.04364,0.1208,A,A,walkway,0.3541666666666667,1.3571428571428572,A,C,waiting,0.4118055555555555,1.4166666666666667,C,E,walkway,0.4333333333333333,2.0,C,E,walkway,0.0297222222222222,0.0666666666666666,A,A,walkway,0.6895833333333333,1.8333333333333333,C,E,walkway,0.8,2.0,D,E,walkway,0.0411111111111111,0.0666666666666666,A,A,walkway
p80_cfg6_s45,0.8,6,45,7.12456242707118,51.87000000000001,28.24153175591533,0.0502133333333333,0.1256,A,A,walkway,0.4723214285714286,1.75,A,D,waiting,0.4434027777777778,1.5,C,E,walkway,0.5652777777777779,1.8333333333333333,C,E,walkway,0.0311111111111111,0.0666666666666666,A,A,walkway,0.778125,1.8333333333333333,D,E,walkway,0.888888888888889,2.0,D,E,walkway,0.0452777777777777,0.0666666666666666,A,A,walkway
p80_cfg6_s46,0.8,6,46,6.2694547707558845,45.91999999999996,26.637002652519904,0.0449666666666666,0.12,A,A,walkway,0.4279761904761904,1.5357142857142858,A,D,waiting,0.3927083333333333,1.375,B,E,walkway,0.4305555555555556,1.8333333333333333,C,E,walkway,0.0297222222222222,0.0666666666666666,A,A,walkway,0.6965277777777777,1.875,C,E,walkway,0.8166666666666667,1.8333333333333333,D,E,walkway,0.0424999999999999,0.0666666666666666,A,A,walkway
