agent_id,spawn_time,queue_enter_time,service_start_time,escalator_enter_time,sink_time,travel_time,gate_wait_time,post_gate_time,gate_idx,is_tagless,sink_side,serviced
91704,23.8,34.25,34.25,50.6,51.45,27.650000000000002,0.0,17.200000000000003,2,1,lower,1
91705,26.6,35.45,36.0,51.800000000000004,52.650000000000006,26.050000000000004,0.5499999999999972,16.650000000000006,2,1,lower,1
91707,27.75,34.300000000000004,34.300000000000004,48.95,49.800000000000004,22.050000000000004,0.0,15.5,3,1,upper,1
91708,29.650000000000002,38.0,38.1,53.1,53.95,24.3,0.10000000000000142,15.850000000000001,4,1,upper,1
91709,30.0,39.150000000000006,39.85,58.5,59.35,29.35,0.6999999999999957,19.5,4,1,upper,1
91710,30.25,36.300000000000004,36.300000000000004,50.95,51.800000000000004,21.550000000000004,0.0,15.5,4,1,upper,1
91711,30.450000000000003,36.1,36.1,50.1,50.95,20.5,0.0,14.850000000000001,3,1,upper,1
91712,30.650000000000002,39.650000000000006,41.6,61.900000000000006,62.800000000000004,32.150000000000006,1.9499999999999957,21.200000000000003,4,1,upper,1
91713,31.05,41.050000000000004,41.050000000000004,53.95,54.800000000000004,23.750000000000004,0.0,13.75,6,0,upper,1
91714,31.450000000000003,41.1,41.1,54.800000000000004,55.650000000000006,24.200000000000003,0.0,14.550000000000004,3,1,upper,1
91715,31.650000000000002,38.2,38.2,54.050000000000004,54.900000000000006,23.250000000000004,0.0,16.700000000000003,2,1,lower,1
91716,31.900000000000002,40.050000000000004,40.050000000000004,57.400000000000006,58.300000000000004,26.400000000000002,0.0,18.25,5,0,upper,1
91717,32.1,42.6,42.6,56.45,57.300000000000004,25.200000000000003,0.0,14.700000000000003,1,0,lower,1
91718,32.300000000000004,42.400000000000006,42.400000000000006,55.6,56.45,24.15,0.0,14.049999999999997,2,1,lower,1
91720,32.550000000000004,41.400000000000006,41.400000000000006,53.150000000000006,54.050000000000004,21.5,0.0,12.649999999999999,0,0,lower,1
91721,32.75,43.6,43.6,60.2,61.050000000000004,28.300000000000004,0.0,17.450000000000003,6,0,upper,1
91722,32.95,41.7,44.35,66.2,67.05,34.099999999999994,2.6499999999999986,22.699999999999996,5,0,upper,1
91723,33.2,43.45,44.2,61.050000000000004,61.900000000000006,28.700000000000003,0.75,17.700000000000003,2,1,lower,1
91724,33.4,44.35,48.1,65.35000000000001,66.2,32.800000000000004,3.75,18.1,3,1,upper,1
91726,33.6,42.550000000000004,42.85,56.550000000000004,57.400000000000006,23.800000000000004,0.29999999999999716,14.550000000000004,3,1,upper,1
91727,33.85,49.900000000000006,56.45,72.85000000000001,73.7,39.85,6.549999999999997,17.25,2,1,lower,1
91728,34.050000000000004,45.0,46.85,68.75,69.60000000000001,35.550000000000004,1.8500000000000014,22.750000000000007,4,1,upper,1
91729,34.25,44.7,44.7,59.400000000000006,60.300000000000004,26.050000000000004,0.0,15.600000000000001,0,0,lower,1
91730,34.5,44.800000000000004,45.95,62.35,63.2,28.700000000000003,1.1499999999999986,17.25,2,1,lower,1
91731,34.7,43.85,46.35,61.050000000000004,61.900000000000006,27.200000000000003,2.5,15.550000000000004,3,1,upper,1
91732,34.9,45.400000000000006,49.85,67.05,67.9,33.00000000000001,4.449999999999996,18.050000000000004,3,1,upper,1
91733,35.15,43.35,44.6,59.35,60.2,25.050000000000004,1.25,15.600000000000001,3,1,upper,1
91734,35.35,48.6,55.6,79.80000000000001,80.65,45.300000000000004,7.0,25.050000000000004,4,1,upper,1
91736,35.550000000000004,48.300000000000004,48.300000000000004,67.7,68.55,32.99999999999999,0.0,20.249999999999993,1,0,lower,1
91738,35.800000000000004,45.300000000000004,47.7,64.0,64.85000000000001,29.050000000000004,2.3999999999999986,17.150000000000006,2,1,lower,1
91739,36.0,46.2,48.35,67.9,68.75,32.75,2.1499999999999986,20.4,5,0,upper,1
91740,36.2,49.400000000000006,54.7,71.10000000000001,71.95,35.75,5.299999999999997,17.25,2,1,lower,1
91743,36.45,46.75,53.35,74.7,75.55,39.099999999999994,6.600000000000001,22.199999999999996,3,1,upper,1
91745,36.65,44.25,45.1,62.800000000000004,63.650000000000006,27.000000000000007,0.8500000000000014,18.550000000000004,4,1,upper,1
91746,36.85,46.85,47.2,63.650000000000006,64.5,27.65,0.3500000000000014,17.299999999999997,6,0,upper,1
91747,37.1,49.1,57.35,86.60000000000001,87.45,50.35,8.25,30.1,4,1,upper,1
91751,37.300000000000004,43.050000000000004,43.35,64.5,65.35000000000001,28.050000000000004,0.29999999999999716,22.000000000000007,4,1,upper,1
91753,37.5,48.1,53.85,77.25,78.10000000000001,40.60000000000001,5.75,24.250000000000007,4,1,upper,1
91755,37.75,51.400000000000006,61.7,77.05000000000001,77.9,40.150000000000006,10.299999999999997,16.200000000000003,2,1,lower,1
91757,37.95,45.5,48.6,69.60000000000001,70.45,32.5,3.1000000000000014,21.85,4,1,upper,1
91758,38.15,52.900000000000006,66.95,84.5,85.35000000000001,47.20000000000001,14.049999999999997,18.400000000000006,2,1,lower,1
91763,38.400000000000006,49.2,55.1,75.55,76.4,38.0,5.899999999999999,21.300000000000004,3,1,upper,1
91765,38.6,51.0,59.1,84.05000000000001,84.9,46.300000000000004,8.100000000000001,25.800000000000004,4,1,upper,1
91767,38.800000000000004,46.25,51.6,71.3,72.15,33.35,5.350000000000001,20.550000000000004,3,1,upper,1
91768,39.0,48.35,50.650000000000006,73.0,73.85000000000001,34.85000000000001,2.3000000000000043,23.200000000000003,5,0,upper,1
91769,39.25,45.95,49.45,65.35000000000001,66.2,26.950000000000003,3.5,16.75,2,1,lower,1
91775,39.45,48.400000000000006,51.2,66.85000000000001,67.7,28.25,2.799999999999997,16.5,2,1,lower,1
91776,39.650000000000006,50.900000000000006,59.95,75.75,76.60000000000001,36.95,9.049999999999997,16.650000000000006,2,1,lower,1
91778,39.900000000000006,46.0,50.35,70.45,71.3,31.39999999999999,4.350000000000001,20.949999999999996,4,1,upper,1
91779,40.1,51.5,60.85,88.30000000000001,89.15,49.050000000000004,9.350000000000001,28.300000000000004,4,1,upper,1
91780,40.300000000000004,51.5,62.1,83.2,84.05000000000001,43.75000000000001,10.600000000000001,21.95000000000001,3,1,upper,1
91781,40.550000000000004,52.0,62.6,90.0,90.85000000000001,50.300000000000004,10.600000000000001,28.250000000000007,4,1,upper,1
91782,40.75,50.7,60.35,82.35000000000001,83.2,42.45,9.649999999999999,22.85,3,1,upper,1
91783,40.95,50.2,58.6,81.5,82.35000000000001,41.400000000000006,8.399999999999999,23.750000000000007,3,1,upper,1
91788,41.2,48.900000000000006,52.95,69.4,70.25,29.049999999999997,4.049999999999997,17.299999999999997,2,1,lower,1
91789,41.400000000000006,51.900000000000006,63.45,81.10000000000001,81.95,40.55,11.549999999999997,18.5,2,1,lower,1
91790,41.6,54.400000000000006,72.2,89.10000000000001,89.95,48.35,17.799999999999997,17.75,2,1,lower,1
91793,41.85,52.7,65.65,90.85000000000001,91.7,49.85,12.950000000000003,26.049999999999997,3,1,upper,1
91794,42.050000000000004,50.400000000000006,58.2,74.10000000000001,74.95,32.9,7.799999999999997,16.75,2,1,lower,1
91796,42.25,53.2,53.2,68.55,69.4,27.150000000000006,0.0,16.200000000000003,0,0,lower,1
91798,42.5,49.7,56.85,78.10000000000001,78.95,36.45,7.149999999999999,22.1,3,1,upper,1
91800,42.7,52.050000000000004,63.85,87.45,88.30000000000001,45.60000000000001,11.799999999999997,24.45000000000001,3,1,upper,1
91804,42.900000000000006,47.6,52.1,73.85000000000001,74.7,31.799999999999997,4.5,22.6,4,1,upper,1
91805,43.150000000000006,50.400000000000006,50.400000000000006,72.15,73.0,29.849999999999994,0.0,22.599999999999994,6,0,upper,1
91806,43.35,54.0,69.65,97.65,98.5,55.15,15.650000000000006,28.849999999999994,4,1,upper,1
91808,43.550000000000004,52.35,54.35,76.4,77.25,33.699999999999996,2.0,22.9,6,0,upper,1
91812,43.800000000000004,53.5,67.9,92.55000000000001,93.4,49.6,14.400000000000006,25.5,4,1,upper,1
91814,44.0,53.900000000000006,70.45,87.95,88.80000000000001,44.80000000000001,16.549999999999997,18.35000000000001,2,1,lower,1
91817,44.2,56.0,76.65,107.85000000000001,108.7,64.5,20.650000000000006,32.05,4,1,upper,1
91818,44.45,54.6,69.15,96.80000000000001,97.65,53.2,14.550000000000004,28.5,3,1,upper,1
91820,44.650000000000006,53.0,66.15,99.35000000000001,100.2,55.55,13.150000000000006,34.05,4,1,upper,1
91822,44.85,52.5,64.4,91.7,92.55000000000001,47.70000000000001,11.900000000000006,28.150000000000006,4,1,upper,1
91823,45.1,53.95,67.4,93.4,94.25,49.15,13.450000000000003,26.849999999999994,3,1,upper,1
91824,45.300000000000004,52.400000000000006,65.2,82.80000000000001,83.65,38.35,12.799999999999997,18.450000000000003,2,1,lower,1
91826,45.5,57.7,57.7,71.95,72.8,27.299999999999997,0.0,15.099999999999994,1,0,lower,1
91827,45.75,55.0,73.15,105.30000000000001,106.15,60.400000000000006,18.150000000000006,33.0,4,1,upper,1
91829,45.95,56.95,56.95,70.25,71.10000000000001,25.150000000000006,0.0,14.150000000000006,0,0,lower,1
91831,46.150000000000006,57.1,57.1,80.65,81.5,35.349999999999994,0.0,24.4,5,0,upper,1
91833,46.400000000000006,55.1,70.9,101.05000000000001,101.9,55.5,15.800000000000004,31.0,3,1,upper,1
91834,46.6,57.900000000000006,84.45,101.80000000000001,102.65,56.050000000000004,26.549999999999997,18.200000000000003,2,1,lower,1
91836,46.800000000000004,53.400000000000006,68.7,86.25,87.10000000000001,40.300000000000004,15.299999999999997,18.400000000000006,2,1,lower,1
91837,47.0,55.900000000000006,77.45,94.75,95.60000000000001,48.60000000000001,21.549999999999997,18.150000000000006,2,1,lower,1
91839,47.25,55.5,74.9,114.65,115.5,68.25,19.400000000000006,40.599999999999994,4,1,upper,1
91840,47.45,56.1,74.4,106.15,107.0,59.55,18.300000000000004,32.599999999999994,3,1,upper,1
91844,47.650000000000006,54.5,71.4,102.75,103.60000000000001,55.95,16.900000000000006,32.2,4,1,upper,1
91846,47.900000000000006,62.5,62.5,79.05000000000001,79.9,32.0,0.0,17.400000000000006,1,0,lower,1
91849,48.1,55.400000000000006,75.7,92.75,93.60000000000001,45.50000000000001,20.299999999999997,17.900000000000006,2,1,lower,1
91851,48.300000000000004,58.900000000000006,87.95,105.0,105.85000000000001,57.550000000000004,29.049999999999997,17.900000000000006,2,1,lower,1
91856,48.550000000000004,58.1,81.4,115.5,116.35000000000001,67.80000000000001,23.300000000000004,34.95,3,1,upper,1
91857,48.75,57.1,77.9,108.7,109.55000000000001,60.80000000000001,20.800000000000004,31.650000000000006,3,1,upper,1
91860,48.95,61.6,61.6,78.0,78.85000000000001,29.900000000000006,0.0,17.250000000000007,0,0,lower,1
91861,49.2,55.6,72.65,103.60000000000001,104.45,55.25,17.050000000000004,31.799999999999997,3,1,upper,1
91863,49.400000000000006,57.0,80.15,112.95,113.80000000000001,64.4,23.150000000000006,33.650000000000006,4,1,upper,1
91865,49.6,57.6,79.65,112.10000000000001,112.95,63.35,22.050000000000004,33.3,3,1,upper,1
91867,49.85,59.550000000000004,59.550000000000004,78.95,79.80000000000001,29.95000000000001,0.0,20.250000000000007,6,0,upper,1
91868,50.050000000000004,56.400000000000006,79.2,96.30000000000001,97.15,47.1,22.799999999999997,17.950000000000003,2,1,lower,1
91872,50.25,54.900000000000006,73.95,91.55000000000001,92.4,42.150000000000006,19.049999999999997,18.450000000000003,2,1,lower,1
91873,50.5,56.6,76.15,109.55000000000001,110.4,59.900000000000006,19.550000000000004,34.25,3,1,upper,1
91875,50.7,56.5,78.4,113.80000000000001,114.65,63.95,21.900000000000006,36.25,4,1,upper,1
91876,50.900000000000006,58.400000000000006,86.2,103.80000000000001,104.65,53.75,27.799999999999997,18.450000000000003,2,1,lower,1
91878,51.150000000000006,63.25,63.25,95.10000000000001,95.95,44.8,0.0,32.7,5,0,upper,1
91879,51.35,59.0,87.15,120.60000000000001,121.45,70.1,28.150000000000006,34.3,4,1,upper,1
91880,51.550000000000004,61.800000000000004,61.900000000000006,84.9,85.75,34.199999999999996,0.10000000000000142,23.849999999999994,6,0,upper,1
91884,51.800000000000004,58.6,59.95,85.75,86.60000000000001,34.800000000000004,1.3500000000000014,26.650000000000006,5,0,upper,1
91885,52.0,57.5,81.9,116.35000000000001,117.2,65.2,24.400000000000006,35.3,4,1,upper,1
91886,52.2,62.95,64.75,89.15,90.0,37.8,1.7999999999999972,25.25,6,0,upper,1
91890,52.45,56.900000000000006,80.95,97.65,98.5,46.05,24.049999999999997,17.549999999999997,2,1,lower,1
91891,52.650000000000006,60.5,92.4,126.55000000000001,127.4,74.75,31.900000000000006,35.0,4,1,upper,1
91893,52.85,61.1,91.9,125.7,126.55000000000001,73.70000000000002,30.800000000000004,34.650000000000006,3,1,upper,1
91895,53.1,59.1,84.9,118.9,119.75,66.65,25.800000000000004,34.849999999999994,3,1,upper,1
91896,53.300000000000004,59.400000000000006,89.7,106.60000000000001,107.45,54.15,30.299999999999997,17.75,2,1,lower,1
91898,53.5,60.400000000000006,93.2,110.15,111.0,57.5,32.8,17.799999999999997,2,1,lower,1
91900,53.75,64.5,64.5,80.25,81.10000000000001,27.35000000000001,0.0,16.60000000000001,0,0,lower,1
91902,53.95,61.5,95.9,132.5,133.35,79.39999999999999,34.400000000000006,37.44999999999999,4,1,upper,1
91903,54.150000000000006,58.6,83.15,117.2,118.05000000000001,63.900000000000006,24.550000000000004,34.900000000000006,3,1,upper,1
91905,54.400000000000006,60.0,90.65,124.0,124.85000000000001,70.45,30.650000000000006,34.2,4,1,upper,1
91907,54.6,62.0,97.65,130.8,131.65,77.05000000000001,35.650000000000006,34.0,4,1,upper,1
91909,54.800000000000004,62.900000000000006,101.95,118.25,119.10000000000001,64.30000000000001,39.05,17.150000000000006,2,1,lower,1
91911,55.0,57.400000000000006,82.7,99.45,100.30000000000001,45.30000000000001,25.299999999999997,17.60000000000001,2,1,lower,1
91913,55.25,62.1,95.4,129.1,129.95000000000002,74.70000000000002,33.300000000000004,34.55000000000001,3,1,upper,1
91914,55.45,64.60000000000001,104.15,137.6,138.45000000000002,83.00000000000001,39.55,34.30000000000001,3,1,upper,1
91915,55.650000000000006,58.5,85.4,121.45,122.30000000000001,66.65,26.900000000000006,36.900000000000006,4,1,upper,1
91917,55.900000000000006,60.1,88.4,122.30000000000001,123.15,67.25,28.300000000000004,34.75,3,1,upper,1
91919,56.1,65.25,65.4,81.95,82.80000000000001,26.70000000000001,0.15000000000000568,17.400000000000006,1,0,lower,1
91921,56.300000000000004,61.900000000000006,98.45,115.10000000000001,115.95,59.65,36.55,17.5,2,1,lower,1
91924,56.550000000000004,59.900000000000006,91.45,108.15,109.0,52.449999999999996,31.549999999999997,17.549999999999997,2,1,lower,1
91926,56.75,60.6,90.15,123.15,124.0,67.25,29.550000000000004,33.849999999999994,3,1,upper,1
91928,56.95,69.10000000000001,69.65,85.4,86.25,29.299999999999997,0.5499999999999972,16.599999999999994,1,0,lower,1
91932,57.2,58.0,83.65,118.05000000000001,118.9,61.7,25.650000000000006,35.25,4,1,upper,1
91934,57.400000000000006,63.0,101.15,135.05,135.9,78.5,38.150000000000006,34.75,4,1,upper,1
91935,57.6,66.8,67.8,100.2,101.05000000000001,43.45000000000001,1.0,33.250000000000014,5,0,upper,1
91939,57.85,64.15,64.75,95.95,96.80000000000001,38.95000000000001,0.5999999999999943,32.05000000000001,5,0,upper,1
91940,58.050000000000004,63.1,98.9,133.35,134.20000000000002,76.15,35.800000000000004,35.30000000000001,3,1,upper,1
91943,58.25,61.0,94.15,128.25,129.1,70.85,33.150000000000006,34.94999999999999,4,1,upper,1
91944,58.5,64.0,104.65,138.45000000000002,139.3,80.80000000000001,40.650000000000006,34.650000000000006,4,1,upper,1
91946,58.7,63.900000000000006,105.45,122.75,123.60000000000001,64.9,41.55,18.150000000000006,2,1,lower,1
91948,58.900000000000006,61.6,93.65,127.4,128.25,69.35,32.050000000000004,34.599999999999994,3,1,upper,1
91951,59.150000000000006,59.6,86.65,119.75,120.60000000000001,61.45,27.050000000000004,33.95,3,1,upper,1
91953,59.35,59.5,88.9,124.85000000000001,125.7,66.35,29.400000000000006,36.8,4,1,upper,1
91957,59.550000000000004,71.35000000000001,72.45,89.95,90.80000000000001,31.250000000000007,1.0999999999999943,18.35000000000001,0,0,lower,1
91958,59.800000000000004,67.65,67.65,94.25,95.10000000000001,35.300000000000004,0.0,27.450000000000003,6,0,upper,1
91963,60.0,61.400000000000006,96.7,113.60000000000001,114.45,54.45,35.3,17.75,2,1,lower,1
91964,60.2,68.60000000000001,70.55,98.5,99.35000000000001,39.150000000000006,1.9499999999999886,28.80000000000001,6,0,upper,1
91966,60.45,62.6,97.15,129.95000000000002,130.8,70.35000000000001,34.550000000000004,33.650000000000006,3,1,upper,1
91968,60.650000000000006,60.900000000000006,94.95,111.55000000000001,112.4,51.75,34.05,17.450000000000003,2,1,lower,1
91969,60.85,64.9,108.95,125.65,126.5,65.65,44.05,17.549999999999997,2,1,lower,1
91970,61.1,65.60000000000001,107.65,141.0,141.85,80.75,42.05,34.19999999999999,3,1,upper,1
91972,61.300000000000004,64.5,106.4,140.15,141.0,79.69999999999999,41.900000000000006,34.599999999999994,4,1,upper,1
91975,61.5,62.5,99.4,131.65,132.5,71.0,36.900000000000006,33.099999999999994,4,1,upper,1
91977,61.75,70.45,70.45,83.65,84.5,22.75,0.0,14.049999999999997,0,0,lower,1
91978,61.95,66.60000000000001,111.15,144.4,145.25,83.3,44.55,34.099999999999994,3,1,upper,1
91980,62.150000000000006,66.0,111.65,145.25,146.1,83.94999999999999,45.650000000000006,34.44999999999999,4,1,upper,1
91981,62.400000000000006,62.400000000000006,100.2,116.60000000000001,117.45,55.05,37.8,17.25,2,1,lower,1
91982,62.6,71.9,72.55,104.45,105.30000000000001,42.70000000000001,0.6499999999999915,32.750000000000014,5,0,upper,1
91983,62.800000000000004,69.3,70.05,101.9,102.75,39.949999999999996,0.75,32.7,5,0,upper,1
91987,63.0,63.400000000000006,103.7,121.2,122.05000000000001,59.05000000000001,40.3,18.35000000000001,2,1,lower,1
91989,63.25,63.6,100.65,134.20000000000002,135.05,71.80000000000001,37.050000000000004,34.400000000000006,3,1,upper,1
91993,63.45,63.5,102.9,136.75,137.6,74.14999999999999,39.400000000000006,34.69999999999999,4,1,upper,1
91994,63.650000000000006,66.10000000000001,109.4,142.70000000000002,143.55,79.9,43.3,34.150000000000006,3,1,upper,1
91997,63.900000000000006,64.10000000000001,102.4,135.9,136.75,72.85,38.3,34.349999999999994,3,1,upper,1
91998,64.10000000000001,66.5,113.4,146.95000000000002,147.8,83.7,46.900000000000006,34.400000000000006,4,1,upper,1
92001,64.3,64.4,107.2,124.10000000000001,124.95,60.650000000000006,42.8,17.75,2,1,lower,1
92002,64.55,65.0,108.15,141.85,142.70000000000002,78.15000000000002,43.150000000000006,34.55000000000001,4,1,upper,1
92004,64.75,65.10000000000001,105.9,139.3,140.15,75.4,40.8,34.25,3,1,upper,1
92007,64.95,65.4,110.7,128.1,128.95000000000002,64.00000000000001,45.3,18.250000000000014,2,1,lower,1
92009,65.2,68.60000000000001,118.15,151.20000000000002,152.05,86.85000000000001,49.55,33.900000000000006,3,1,upper,1
92010,65.4,65.5,109.9,143.55,144.4,79.0,44.400000000000006,34.5,4,1,upper,1
92011,65.60000000000001,65.9,112.45,129.45000000000002,130.3,64.7,46.55,17.85000000000001,2,1,lower,1
92013,65.85000000000001,73.25,73.25,87.10000000000001,87.95,22.099999999999994,0.0,14.700000000000003,1,0,lower,1
92014,66.05,66.4,114.2,131.0,131.85,65.8,47.8,17.64999999999999,2,1,lower,1
92016,66.25,67.4,117.7,134.5,135.35,69.1,50.3,17.64999999999999,2,1,lower,1
92018,66.5,67.0,115.15,148.65,149.5,83.0,48.150000000000006,34.349999999999994,4,1,upper,1
92021,66.7,66.9,115.95,132.55,133.4,66.7,49.05,17.450000000000003,2,1,lower,1
92024,66.9,67.10000000000001,112.9,146.1,146.95000000000002,80.05000000000001,45.8,34.05000000000001,3,1,upper,1
92025,67.15,67.9,119.45,136.0,136.85,69.69999999999999,51.55,17.39999999999999,2,1,lower,1
92027,67.35000000000001,67.60000000000001,114.65,147.8,148.65,81.3,47.05,34.0,3,1,upper,1
92029,67.55,68.10000000000001,116.4,149.5,150.35,82.8,48.3,33.94999999999999,3,1,upper,1
92030,67.8,67.8,116.9,150.35,151.20000000000002,83.40000000000002,49.10000000000001,34.30000000000001,4,1,upper,1
92031,68.0,68.3,118.65,152.05,152.9,84.9,50.35000000000001,34.25,4,1,upper,1
92033,68.2,68.4,121.2,138.20000000000002,139.05,70.85000000000001,52.8,17.85000000000001,2,1,lower,1
92034,68.45,74.7,74.7,107.0,107.85000000000001,39.400000000000006,0.0,33.150000000000006,5,0,upper,1
92036,68.65,68.9,122.95,139.55,140.4,71.75,54.05,17.450000000000003,2,1,lower,1
92037,68.85000000000001,68.85000000000001,120.4,153.75,154.60000000000002,85.75000000000001,51.55,34.20000000000002,4,1,upper,1
92038,69.10000000000001,69.10000000000001,119.9,152.9,153.75,84.64999999999999,50.8,33.849999999999994,3,1,upper,1
92041,69.3,69.35000000000001,122.15,155.45000000000002,156.3,87.00000000000001,52.8,34.150000000000006,4,1,upper,1
92042,69.5,69.5,124.7,141.15,142.0,72.5,55.2,17.299999999999997,2,1,lower,1
92044,69.75,69.75,121.65,154.60000000000002,155.45000000000002,85.70000000000002,51.900000000000006,33.80000000000001,3,1,upper,1
92046,69.95,69.95,123.9,157.15,158.0,88.05,53.95,34.099999999999994,4,1,upper,1
92048,70.15,70.25,123.4,156.3,157.15,87.0,53.150000000000006,33.75,3,1,upper,1
92050,70.4,70.75,125.15,,,,54.400000000000006,,3,1,,0
92051,70.60000000000001,70.60000000000001,125.65,158.85000000000002,159.70000000000002,89.10000000000001,55.05,34.05000000000001,4,1,upper,1
92052,70.8,79.0,79.0,111.25,112.10000000000001,41.30000000000001,0.0,33.10000000000001,6,0,upper,1
92055,71.0,71.25,126.9,158.0,158.85000000000002,87.85000000000002,55.650000000000006,31.950000000000017,3,1,upper,1
92056,71.25,71.25,126.45,142.9,143.75,72.5,55.2,17.299999999999997,2,1,lower,1
92057,71.45,72.25,130.0,146.65,147.5,76.05,57.75,17.5,2,1,lower,1
92058,71.65,71.75,128.20000000000002,144.75,145.6,73.94999999999999,56.45000000000002,17.399999999999977,2,1,lower,1
92060,71.9,71.9,128.70000000000002,161.4,162.25,90.35,56.80000000000001,33.54999999999998,3,1,upper,1
92063,72.10000000000001,72.10000000000001,127.4,160.55,161.4,89.3,55.3,34.0,4,1,upper,1
92065,72.3,72.4,130.5,163.10000000000002,163.95000000000002,91.65000000000002,58.099999999999994,33.45000000000002,3,1,upper,1
92066,72.55,72.60000000000001,129.20000000000002,162.25,163.10000000000002,90.55000000000003,56.60000000000001,33.900000000000006,4,1,upper,1
92068,72.75,72.75,131.75,148.05,148.9,76.15,59.0,17.150000000000006,2,1,lower,1
92069,72.95,73.25,133.5,150.05,150.9,77.95,60.25,17.400000000000006,2,1,lower,1
92070,73.2,73.2,132.25,164.8,165.65,92.45,59.05,33.400000000000006,3,1,upper,1
92071,73.4,73.4,131.0,,,,57.599999999999994,,4,1,,0
92074,73.60000000000001,73.9,132.75,163.95000000000002,164.8,91.2,58.849999999999994,32.05000000000001,4,1,upper,1
92076,73.85000000000001,73.85000000000001,135.25,151.45000000000002,152.3,78.45,61.39999999999999,17.05000000000001,2,1,lower,1
92078,74.05,74.05,134.0,166.5,167.35000000000002,93.30000000000003,59.95,33.35000000000002,3,1,upper,1
92080,74.3,74.55,135.75,168.20000000000002,169.05,94.75000000000001,61.2,33.30000000000001,3,1,upper,1
92082,74.5,81.75,81.75,93.85000000000001,94.7,20.200000000000003,0.0,12.950000000000003,0,0,lower,1
92084,75.05,75.05,134.5,165.65,166.5,91.45,59.45,32.0,4,1,upper,1
92088,76.4,76.4,137.0,154.95000000000002,155.8,79.4,60.599999999999994,18.80000000000001,2,1,lower,1
92089,76.60000000000001,76.60000000000001,137.5,169.9,170.75,94.14999999999999,60.89999999999999,33.25,3,1,upper,1
92092,77.25,77.25,136.25,167.35000000000002,168.20000000000002,90.95000000000002,59.0,31.950000000000017,4,1,upper,1
92094,77.75,77.75,138.0,169.05,169.9,92.15,60.25,31.900000000000006,4,1,upper,1
92097,79.0,85.25,85.25,110.4,111.25,32.25,0.0,26.0,6,0,upper,1
92099,79.45,79.45,138.75,156.15,157.0,77.55,59.3,18.25,2,1,lower,1
92105,81.7,87.95,87.95,102.95,103.80000000000001,22.10000000000001,0.0,15.850000000000009,1,0,lower,1
92112,84.65,84.65,140.5,157.65,158.5,73.85,55.849999999999994,18.0,2,1,lower,1
92123,89.65,89.65,139.25,159.70000000000002,160.55,70.9,49.599999999999994,21.30000000000001,3,1,upper,1
92130,92.80000000000001,92.80000000000001,141.0,171.60000000000002,172.45000000000002,79.65,48.19999999999999,31.450000000000017,3,1,upper,1
92133,94.35000000000001,94.35000000000001,142.25,159.85000000000002,160.70000000000002,66.35000000000001,47.89999999999999,18.450000000000017,2,1,lower,1
92147,101.45,101.45,139.75,170.75,171.60000000000002,70.15000000000002,38.3,31.850000000000023,4,1,upper,1
92219,178.45000000000002,186.10000000000002,186.10000000000002,197.3,198.15,19.69999999999999,0.0,12.049999999999983,0,0,lower,1
92220,178.65,184.05,184.05,195.55,196.4,17.75,0.0,12.349999999999994,2,1,lower,1
92221,179.05,184.65,184.65,198.0,198.85000000000002,19.80000000000001,0.0,14.200000000000017,3,1,upper,1
92222,179.70000000000002,187.60000000000002,187.60000000000002,203.0,203.85000000000002,24.150000000000006,0.0,16.25,2,1,lower,1
92223,179.9,187.10000000000002,187.10000000000002,201.75,202.60000000000002,22.700000000000017,0.0,15.5,5,0,upper,1
92224,180.10000000000002,185.8,185.8,198.85000000000002,199.70000000000002,19.599999999999994,0.0,13.900000000000006,4,1,upper,1
92225,180.35000000000002,190.05,190.05,204.75,205.60000000000002,25.25,0.0,15.550000000000011,3,1,upper,1
92226,180.65,189.60000000000002,189.60000000000002,209.15,210.0,29.349999999999994,0.0,20.399999999999977,1,0,lower,1
92227,180.85000000000002,189.10000000000002,191.4,207.75,208.60000000000002,27.75,2.299999999999983,17.200000000000017,5,0,upper,1
92228,181.10000000000002,188.0,189.4,204.3,205.15,24.049999999999983,1.4000000000000057,15.75,2,1,lower,1
92229,181.3,187.85000000000002,187.85000000000002,200.10000000000002,200.95000000000002,19.650000000000006,0.0,13.099999999999994,4,1,upper,1
92231,181.55,188.95000000000002,188.95000000000002,208.25,209.10000000000002,27.55000000000001,0.0,20.150000000000006,0,0,lower,1
92232,182.45000000000002,190.60000000000002,190.60000000000002,206.85000000000002,207.70000000000002,25.25,0.0,17.099999999999994,4,1,upper,1
92233,182.85000000000002,191.15,191.15,205.70000000000002,206.55,23.69999999999999,0.0,15.400000000000006,2,1,lower,1
92234,183.55,191.9,191.9,210.45000000000002,211.3,27.75,0.0,19.400000000000006,3,1,upper,1
92235,184.10000000000002,193.4,193.65,212.65,213.5,29.399999999999977,0.25,19.849999999999994,3,1,upper,1
92236,184.3,192.35000000000002,192.65,210.85000000000002,211.70000000000002,27.400000000000006,0.29999999999998295,19.05000000000001,1,0,lower,1
92237,184.55,192.8,192.9,207.4,208.25,23.69999999999999,0.09999999999999432,15.349999999999994,2,1,lower,1
92238,185.10000000000002,195.3,195.3,211.8,212.65,27.549999999999983,0.0,17.349999999999994,4,1,upper,1
92239,185.3,196.65,196.65,212.60000000000002,213.45000000000002,28.150000000000006,0.0,16.80000000000001,0,0,lower,1
92241,185.55,197.15,198.15,213.45000000000002,214.3,28.75,1.0,16.150000000000006,2,1,lower,1
92242,185.75,193.75,193.75,206.0,206.85000000000002,21.100000000000023,0.0,13.100000000000023,6,0,upper,1
92245,185.95000000000002,196.55,196.55,209.45000000000002,210.3,24.349999999999994,0.0,13.75,5,0,upper,1
92246,186.20000000000002,192.05,192.4,208.60000000000002,209.45000000000002,23.25,0.3499999999999943,17.05000000000001,4,1,upper,1
92249,186.4,196.0,196.0,214.35000000000002,215.20000000000002,28.80000000000001,0.0,19.200000000000017,3,1,upper,1
92250,186.60000000000002,200.25,203.4,220.35000000000002,221.20000000000002,34.599999999999994,3.1500000000000057,17.80000000000001,2,1,lower,1
92251,186.85000000000002,194.55,194.65,210.0,210.85000000000002,24.0,0.09999999999999432,16.200000000000017,2,1,lower,1
92252,187.05,199.25,199.25,216.9,217.75,30.69999999999999,0.0,18.5,4,1,upper,1
92255,187.25,198.0,201.25,219.5,220.35000000000002,33.10000000000002,3.25,19.100000000000023,3,1,upper,1
92256,187.5,197.35000000000002,199.5,217.75,218.60000000000002,31.100000000000023,2.1499999999999773,19.100000000000023,3,1,upper,1
92258,187.75,201.25,204.5,229.5,230.35000000000002,42.60000000000002,3.25,25.850000000000023,4,1,upper,1
92259,187.95000000000002,200.25,201.0,223.55,224.4,36.44999999999999,0.75,23.400000000000006,4,1,upper,1
92260,188.20000000000002,196.65,197.75,216.05,216.9,28.69999999999999,1.0999999999999943,19.150000000000006,3,1,upper,1
92262,188.4,197.9,197.9,213.5,214.35000000000002,25.950000000000017,0.0,16.450000000000017,6,0,upper,1
92266,188.60000000000002,195.55,197.10000000000002,215.20000000000002,216.05,27.44999999999999,1.5500000000000114,18.94999999999999,4,1,upper,1
92267,188.85000000000002,199.25,199.9,216.95000000000002,217.8,28.94999999999999,0.6500000000000057,17.900000000000006,2,1,lower,1
92269,189.05,201.75,206.25,232.05,232.9,43.849999999999994,4.5,26.650000000000006,4,1,upper,1
92271,189.25,202.4,206.5,224.4,225.25,36.0,4.099999999999994,18.75,3,1,upper,1
92272,189.5,200.75,202.75,226.10000000000002,226.95000000000002,37.45000000000002,2.0,24.200000000000017,4,1,upper,1
92274,189.70000000000002,198.5,203.0,221.85000000000002,222.70000000000002,33.0,4.5,19.700000000000017,3,1,upper,1
92275,189.9,199.75,201.65,218.65,219.5,29.599999999999994,1.9000000000000057,17.849999999999994,2,1,lower,1
92277,190.15,196.0,196.4,211.75,212.60000000000002,22.450000000000017,0.4000000000000057,16.200000000000017,2,1,lower,1
92278,190.35000000000002,202.8,208.65,225.10000000000002,225.95000000000002,35.599999999999994,5.849999999999994,17.30000000000001,2,1,lower,1
92280,190.55,202.9,208.25,226.95000000000002,227.8,37.25,5.349999999999994,19.55000000000001,3,1,upper,1
92282,190.8,204.9,215.25,236.3,237.15,46.349999999999994,10.349999999999994,21.900000000000006,3,1,upper,1
92285,191.0,201.25,206.9,223.4,224.25,33.25,5.650000000000006,17.349999999999994,2,1,lower,1
92286,191.20000000000002,202.25,208.0,235.45000000000002,236.3,45.099999999999994,5.75,28.30000000000001,4,1,upper,1
92288,191.45000000000002,205.8,205.8,221.20000000000002,222.05,30.599999999999994,0.0,16.25,0,0,lower,1
92289,191.65,200.75,205.15,222.10000000000002,222.95000000000002,31.30000000000001,4.400000000000006,17.80000000000001,2,1,lower,1
92290,191.85000000000002,205.85000000000002,208.20000000000002,224.25,225.10000000000002,33.25,2.3499999999999943,16.900000000000006,0,0,lower,1
92292,192.10000000000002,203.3,210.4,228.60000000000002,229.45000000000002,37.349999999999994,7.099999999999994,19.05000000000001,2,1,lower,1
92294,192.3,203.9,211.75,230.35000000000002,231.20000000000002,38.900000000000006,7.849999999999994,19.450000000000017,3,1,upper,1
92296,192.5,202.60000000000002,202.60000000000002,217.8,218.65,26.150000000000006,0.0,16.049999999999983,1,0,lower,1
92297,192.75,205.5,216.75,243.95000000000002,244.8,52.05000000000001,11.25,28.05000000000001,4,1,upper,1
92298,192.95000000000002,205.0,215.0,242.25,243.10000000000002,50.150000000000006,10.0,28.100000000000023,4,1,upper,1
92300,193.15,202.75,209.75,237.15,238.0,44.849999999999994,7.0,28.25,4,1,upper,1
92301,193.4,204.95000000000002,213.9,232.85000000000002,233.70000000000002,40.30000000000001,8.949999999999989,19.80000000000001,2,1,lower,1
92303,193.60000000000002,204.25,204.95000000000002,219.5,220.35000000000002,26.75,0.700000000000017,15.400000000000006,1,0,lower,1
92305,193.8,203.4,210.0,227.8,228.65,34.849999999999994,6.599999999999994,18.650000000000006,3,1,upper,1
92310,194.05,200.70000000000002,200.70000000000002,215.3,216.15,22.099999999999994,0.0,15.449999999999989,1,0,lower,1
92312,194.25,205.9,218.75,240.55,241.4,47.150000000000006,12.849999999999994,22.650000000000006,3,1,upper,1
92313,194.45000000000002,207.5,207.5,221.0,221.85000000000002,27.400000000000006,0.0,14.350000000000023,6,0,upper,1
92314,194.65,204.4,213.5,232.9,233.75,39.099999999999994,9.099999999999994,20.25,3,1,upper,1
92316,194.9,206.45000000000002,217.4,236.05,236.9,42.0,10.949999999999989,19.5,2,1,lower,1
92317,195.10000000000002,204.45000000000002,212.15,230.3,231.15,36.04999999999998,7.699999999999989,19.0,2,1,lower,1
92320,195.3,207.45000000000002,220.9,238.45000000000002,239.3,44.0,13.449999999999989,18.400000000000006,2,1,lower,1
92321,195.55,206.0,218.5,248.20000000000002,249.05,53.5,12.5,30.55000000000001,4,1,upper,1
92323,195.75,207.95000000000002,222.65,240.10000000000002,240.95000000000002,45.20000000000002,14.699999999999989,18.30000000000001,2,1,lower,1
92326,195.95000000000002,204.5,213.25,239.70000000000002,240.55,44.599999999999994,8.75,27.30000000000001,4,1,upper,1
92327,196.20000000000002,205.4,217.0,238.85000000000002,239.70000000000002,43.5,11.599999999999994,22.700000000000017,3,1,upper,1
92328,196.4,206.4,220.5,243.10000000000002,243.95000000000002,47.55000000000001,14.099999999999994,23.450000000000017,3,1,upper,1
92330,196.60000000000002,204.0,211.5,238.0,238.85000000000002,42.25,7.5,27.350000000000023,4,1,upper,1
92335,196.85000000000002,201.9,204.75,222.70000000000002,223.55,26.69999999999999,2.8499999999999943,18.80000000000001,3,1,upper,1
92336,197.05,207.15,211.25,228.65,229.5,32.44999999999999,4.099999999999994,18.25,5,0,upper,1
92338,197.25,207.5,223.75,253.3,254.15,56.900000000000006,16.25,30.400000000000006,4,1,upper,1
92339,197.5,207.0,222.0,252.45000000000002,253.3,55.80000000000001,15.0,31.30000000000001,4,1,upper,1
92341,197.70000000000002,211.5,237.75,270.75,271.6,73.9,26.25,33.85000000000002,4,1,upper,1
92343,197.9,206.95000000000002,206.95000000000002,225.25,226.10000000000002,28.200000000000017,0.0,19.150000000000006,5,0,upper,1
92345,198.15,207.85000000000002,224.0,245.65,246.5,48.349999999999994,16.149999999999977,22.5,3,1,upper,1
92346,198.35000000000002,208.3,213.5,231.20000000000002,232.05,33.69999999999999,5.199999999999989,18.55000000000001,5,0,upper,1
92348,198.55,206.95000000000002,219.15,237.0,237.85000000000002,39.30000000000001,12.199999999999989,18.700000000000017,2,1,lower,1
92349,198.8,209.45000000000002,227.9,246.95000000000002,247.8,49.0,18.44999999999999,19.900000000000006,2,1,lower,1
92351,199.0,208.95000000000002,226.15,244.4,245.25,46.25,17.19999999999999,19.099999999999994,2,1,lower,1
92353,199.20000000000002,208.45000000000002,224.4,241.35000000000002,242.20000000000002,43.0,15.949999999999989,17.80000000000001,2,1,lower,1
92355,199.45000000000002,210.0,232.5,265.5,266.35,66.9,22.5,33.85000000000002,4,1,upper,1
92357,199.65,205.95000000000002,215.65,232.0,232.85000000000002,33.20000000000002,9.699999999999989,17.200000000000017,2,1,lower,1
92358,199.85000000000002,206.5,220.25,249.05,249.9,50.04999999999998,13.75,29.650000000000006,4,1,upper,1
92359,200.10000000000002,214.20000000000002,214.20000000000002,233.75,234.60000000000002,34.5,0.0,20.400000000000006,6,0,upper,1
92360,200.3,208.0,225.5,260.25,261.1,60.80000000000001,17.5,35.60000000000002,4,1,upper,1
92362,200.5,208.35000000000002,225.75,249.9,250.75,50.25,17.399999999999977,25.0,3,1,upper,1
92367,200.75,208.5,227.25,259.35,260.25,59.5,18.75,33.0,4,1,upper,1
92369,200.95000000000002,208.85000000000002,227.5,250.75,251.60000000000002,50.650000000000006,18.649999999999977,24.100000000000023,3,1,upper,1
92371,201.15,210.85000000000002,234.5,257.6,258.5,57.349999999999994,23.649999999999977,24.0,3,1,upper,1
92372,201.4,210.35000000000002,232.75,255.85000000000002,256.75,55.349999999999994,22.399999999999977,24.0,3,1,upper,1
92375,201.60000000000002,210.55,210.55,225.95000000000002,226.8,25.19999999999999,0.0,16.25,1,0,lower,1
92378,201.8,207.35000000000002,222.25,244.8,245.65,43.849999999999994,14.899999999999977,23.400000000000006,3,1,upper,1
92381,202.05,213.3,216.75,229.45000000000002,230.3,28.25,3.4499999999999886,13.550000000000011,0,0,lower,1
92384,202.25,209.85000000000002,231.0,255.0,255.85000000000002,53.60000000000002,21.149999999999977,24.850000000000023,3,1,upper,1
92385,202.45000000000002,209.95000000000002,229.65,248.65,249.5,47.04999999999998,19.69999999999999,19.849999999999994,2,1,lower,1
92387,202.65,210.95000000000002,233.15,251.60000000000002,252.45000000000002,49.80000000000001,22.19999999999999,19.30000000000001,2,1,lower,1
92390,202.9,213.0,243.0,276.0,276.85,73.95000000000002,30.0,33.85000000000002,4,1,upper,1
92393,203.10000000000002,211.35000000000002,236.25,261.1,262.0,58.89999999999998,24.899999999999977,25.75,3,1,upper,1
92394,203.3,217.45000000000002,255.9,273.1,274.0,70.69999999999999,38.44999999999999,18.099999999999994,2,1,lower,1
92395,203.55,209.35000000000002,229.25,254.15,255.0,51.44999999999999,19.899999999999977,25.75,3,1,upper,1
92396,203.75,213.35000000000002,243.25,268.1,269.0,65.25,29.899999999999977,25.75,3,1,upper,1
92397,203.95000000000002,210.5,234.25,267.25,268.1,64.15,23.75,33.85000000000002,4,1,upper,1
92399,204.20000000000002,215.3,218.25,233.75,234.60000000000002,30.400000000000006,2.9499999999999886,16.350000000000023,0,0,lower,1
92401,204.4,212.35000000000002,239.75,264.6,265.5,61.099999999999994,27.399999999999977,25.75,3,1,upper,1
92405,204.60000000000002,211.45000000000002,234.9,253.3,254.15,49.54999999999998,23.44999999999999,19.25,2,1,lower,1
92407,204.85000000000002,210.45000000000002,231.4,250.35000000000002,251.20000000000002,46.349999999999994,20.94999999999999,19.80000000000001,2,1,lower,1
92408,205.05,215.5,251.75,283.0,283.85,78.80000000000001,36.25,32.10000000000002,4,1,upper,1
92409,205.25,212.95000000000002,240.15,258.5,259.35,54.10000000000002,27.19999999999999,19.200000000000017,2,1,lower,1
92410,205.5,211.0,236.0,269.0,269.85,64.35000000000002,25.0,33.85000000000002,4,1,upper,1
92412,205.70000000000002,209.5,230.75,262.85,263.75,58.04999999999998,21.25,33.0,4,1,upper,1
92414,205.9,211.95000000000002,236.65,254.45000000000002,255.3,49.400000000000006,24.69999999999999,18.650000000000006,2,1,lower,1
92417,206.15,209.0,229.0,262.0,262.85,56.70000000000002,20.0,33.85000000000002,4,1,upper,1
92419,206.35000000000002,216.45000000000002,252.4,269.05,269.90000000000003,63.55000000000001,35.94999999999999,17.50000000000003,2,1,lower,1
92421,206.55,214.3,214.3,227.75,228.60000000000002,22.05000000000001,0.0,14.300000000000011,1,0,lower,1
92422,206.8,215.0,250.0,281.25,282.1,75.30000000000001,35.0,32.10000000000002,4,1,upper,1
92423,207.0,214.85000000000002,248.5,273.35,274.25,67.25,33.64999999999998,25.75,3,1,upper,1
92424,207.20000000000002,215.35000000000002,250.25,275.1,276.0,68.79999999999998,34.89999999999998,25.75,3,1,upper,1
92427,207.45000000000002,213.95000000000002,243.65,261.1,262.0,54.54999999999998,29.69999999999999,18.349999999999994,2,1,lower,1
92429,207.65,217.95000000000002,257.65000000000003,274.65000000000003,275.55,67.9,39.70000000000002,17.899999999999977,2,1,lower,1
92432,207.85000000000002,223.05,223.05,241.4,242.25,34.39999999999998,0.0,19.19999999999999,6,0,upper,1
92433,208.10000000000002,213.85000000000002,245.0,269.85,270.75,62.64999999999998,31.149999999999977,25.75,3,1,upper,1
92436,208.3,212.70000000000002,212.70000000000002,226.9,227.75,19.44999999999999,0.0,15.049999999999983,0,0,lower,1
92437,208.5,218.85000000000002,262.7,287.35,288.25,79.75,43.849999999999966,25.55000000000001,3,1,upper,1
92441,208.75,214.0,246.5,279.5,280.35,71.60000000000002,32.5,33.85000000000002,4,1,upper,1
92443,208.95000000000002,221.55,221.55,242.70000000000002,243.55,34.599999999999994,0.0,22.0,1,0,lower,1
92446,209.15,212.0,239.5,272.5,273.35,64.20000000000002,27.5,33.85000000000002,4,1,upper,1
92451,209.4,215.95000000000002,250.65,267.45,268.3,58.900000000000006,34.69999999999999,17.650000000000006,2,1,lower,1
92453,209.60000000000002,218.45000000000002,259.45,276.90000000000003,277.8,68.19999999999999,40.99999999999997,18.350000000000023,2,1,lower,1
92457,209.8,214.95000000000002,247.15,264.2,265.05,55.25,32.19999999999999,17.900000000000006,2,1,lower,1
92459,210.05,218.25,218.25,234.60000000000002,235.45000000000002,25.400000000000006,0.0,17.200000000000017,5,0,upper,1
92462,210.25,213.5,244.75,277.75,278.6,68.35000000000002,31.25,33.85000000000002,4,1,upper,1
92466,210.45000000000002,211.85000000000002,238.0,263.75,264.6,54.150000000000006,26.149999999999977,26.600000000000023,3,1,upper,1
92467,210.65,214.35000000000002,246.75,271.6,272.5,61.849999999999994,32.39999999999998,25.75,3,1,upper,1
92469,210.9,219.95000000000002,264.7,282.0,282.85,71.95000000000002,44.74999999999997,18.150000000000034,2,1,lower,1
92471,211.10000000000002,216.5,255.25,286.5,287.35,76.25,38.75,32.10000000000002,4,1,upper,1
92473,211.3,219.85000000000002,266.2,290.85,291.75,80.44999999999999,46.349999999999966,25.55000000000001,3,1,upper,1
92475,211.55,225.0,225.3,243.55,244.4,32.849999999999994,0.30000000000001137,19.099999999999994,0,0,lower,1
92479,211.75,216.0,253.5,284.75,285.6,73.85000000000002,37.5,32.10000000000002,4,1,upper,1
92481,211.95000000000002,212.85000000000002,241.5,266.35,267.25,55.29999999999998,28.649999999999977,25.75,3,1,upper,1
92483,212.20000000000002,212.45000000000002,238.4,255.8,256.65000000000003,44.45000000000002,25.94999999999999,18.25000000000003,2,1,lower,1
92486,212.4,212.5,241.25,274.25,275.1,62.70000000000002,28.75,33.85000000000002,4,1,upper,1
92487,212.60000000000002,223.35000000000002,223.35000000000002,235.20000000000002,236.05,23.44999999999999,0.0,12.699999999999989,0,0,lower,1
92489,212.85000000000002,220.45000000000002,266.45,283.8,284.65000000000003,71.80000000000001,45.99999999999997,18.200000000000045,2,1,lower,1
92495,213.05,213.45000000000002,241.9,259.40000000000003,260.3,47.25,28.44999999999999,18.400000000000006,2,1,lower,1
92496,213.25,217.35000000000002,257.3,282.1,283.0,69.75,39.94999999999999,25.69999999999999,3,1,upper,1
92498,213.5,217.0,257.05,288.25,289.1,75.60000000000002,40.05000000000001,32.05000000000001,4,1,upper,1
92499,213.70000000000002,219.4,219.4,231.15,232.0,18.299999999999983,0.0,12.599999999999994,1,0,lower,1
92500,213.9,218.5,262.45,293.5,294.35,80.45000000000002,43.94999999999999,31.900000000000034,4,1,upper,1
92502,214.15,214.45000000000002,245.4,262.8,263.65000000000003,49.50000000000003,30.94999999999999,18.25000000000003,2,1,lower,1
92505,214.35000000000002,214.5,248.25,,,,33.75,,4,1,,0
92507,214.55,219.35000000000002,264.45,289.1,290.0,75.44999999999999,45.099999999999966,25.55000000000001,3,1,upper,1
92511,214.8,216.95000000000002,254.15,270.8,271.65000000000003,56.85000000000002,37.19999999999999,17.50000000000003,2,1,lower,1
92513,215.0,220.35000000000002,267.95,292.6,293.5,78.5,47.599999999999966,25.55000000000001,3,1,upper,1
92515,215.20000000000002,215.45000000000002,248.9,265.90000000000003,266.8,51.599999999999994,33.44999999999999,17.900000000000006,2,1,lower,1
92518,215.45000000000002,216.85000000000002,255.5,280.35,281.25,65.79999999999998,38.64999999999998,25.75,3,1,upper,1
92521,215.65,215.85000000000002,252.0,276.85,277.75,62.099999999999994,36.14999999999998,25.75,3,1,upper,1
92524,215.85000000000002,216.35000000000002,253.75,278.6,279.5,63.64999999999998,37.39999999999998,25.75,3,1,upper,1
92525,216.10000000000002,221.45000000000002,269.95,287.75,288.6,72.5,48.49999999999997,18.650000000000034,2,1,lower,1
92528,216.3,219.5,265.95,297.0,297.85,81.55000000000001,46.44999999999999,31.900000000000034,4,1,upper,1
92530,216.5,220.95000000000002,268.2,286.45,287.3,70.80000000000001,47.24999999999997,19.100000000000023,2,1,lower,1
92532,216.75,224.45000000000002,226.45000000000002,246.5,247.35000000000002,30.600000000000023,2.0,20.900000000000006,6,0,upper,1
92534,216.95000000000002,221.5,272.95,,,,51.44999999999999,,4,1,,1
92535,217.15,217.5,258.85,290.0,290.85,73.70000000000002,41.35000000000002,32.0,4,1,upper,1
92537,217.4,218.0,260.65000000000003,291.75,292.6,75.20000000000002,42.650000000000034,31.94999999999999,4,1,upper,1
92538,217.60000000000002,218.95000000000002,261.2,278.2,279.05,61.44999999999999,42.24999999999997,17.850000000000023,2,1,lower,1
92540,217.8,217.85000000000002,259.1,283.85,284.75,66.94999999999999,41.25,25.649999999999977,3,1,upper,1
92542,218.05,218.35000000000002,260.90000000000003,285.6,286.5,68.44999999999999,42.55000000000001,25.599999999999966,3,1,upper,1
92544,218.25,222.0,274.7,,,,52.69999999999999,,4,1,,1
92545,218.45000000000002,221.95000000000002,271.7,289.90000000000003,290.8,72.35,49.74999999999997,19.100000000000023,2,1,lower,1
92547,218.65,226.4,226.4,247.35000000000002,248.20000000000002,29.55000000000001,0.0,21.80000000000001,5,0,upper,1
92548,218.9,219.0,264.2,295.25,296.1,77.20000000000002,45.19999999999999,31.900000000000034,4,1,upper,1
92550,219.10000000000002,222.85000000000002,276.7,,,,53.849999999999966,,3,1,,1
92551,219.3,219.45000000000002,262.95,280.35,281.25,61.94999999999999,43.49999999999997,18.30000000000001,2,1,lower,1
92553,219.55,220.0,267.7,298.75,299.6,80.05000000000001,47.69999999999999,31.900000000000034,4,1,upper,1
92556,219.75,225.8,225.8,246.10000000000002,246.95000000000002,27.200000000000017,0.0,21.150000000000006,1,0,lower,1
92558,219.95000000000002,222.45000000000002,273.45,291.5,292.35,72.4,50.99999999999997,18.900000000000034,2,1,lower,1
92561,220.20000000000002,220.5,269.45,,,,48.94999999999999,,4,1,,0
92564,220.4,220.85000000000002,269.7,294.35,295.25,74.85,48.849999999999966,25.55000000000001,3,1,upper,1
92565,220.60000000000002,221.85000000000002,273.2,297.85,298.75,78.14999999999998,51.349999999999966,25.55000000000001,3,1,upper,1
92566,220.85000000000002,221.0,271.2,,,,50.19999999999999,,4,1,,1
92567,221.05,222.5,276.45,,,,53.94999999999999,,4,1,,1
92568,221.25,221.35000000000002,271.45,296.1,297.0,75.75,50.099999999999966,25.55000000000001,3,1,upper,1
92570,221.5,223.0,278.2,,,,55.19999999999999,,4,1,,1
92571,221.70000000000002,224.45000000000002,280.45,,,,55.99999999999997,,2,1,,1
92573,221.9,228.15,228.35000000000002,247.8,248.65,26.75,0.20000000000001705,20.299999999999983,1,0,lower,1
92575,222.15,222.35000000000002,274.95,299.6,,,52.599999999999966,,3,1,,1
92576,222.35000000000002,227.5,227.75,245.25,246.10000000000002,23.75,0.25,18.350000000000023,0,0,lower,1
92578,222.55,222.95000000000002,275.2,293.1,294.0,71.44999999999999,52.24999999999997,18.80000000000001,2,1,lower,1
92579,222.8,230.20000000000002,230.20000000000002,251.60000000000002,252.45000000000002,29.650000000000006,0.0,22.25,6,0,upper,1
92580,223.0,231.05,231.05,256.75,257.6,34.60000000000002,0.0,26.55000000000001,5,0,upper,1
92581,223.20000000000002,223.5,279.95,,,,56.44999999999999,,4,1,,1
92583,223.45000000000002,223.45000000000002,276.95,294.5,295.35,71.9,53.49999999999997,18.400000000000034,2,1,lower,1
92585,223.65,223.95000000000002,278.7,296.0,296.85,73.20000000000002,54.74999999999997,18.150000000000034,2,1,lower,1
92587,223.85000000000002,223.85000000000002,278.45,,,,54.599999999999966,,3,1,,0
92589,224.10000000000002,229.70000000000002,229.9,249.5,250.35000000000002,26.25,0.19999999999998863,20.450000000000017,0,0,lower,1
92590,224.3,224.35000000000002,280.2,,,,55.849999999999966,,3,1,,1
92591,224.65,235.85000000000002,235.85000000000002,256.65000000000003,257.55,32.900000000000006,0.0,21.69999999999999,1,0,lower,1
92593,224.85000000000002,224.95000000000002,282.2,,,,57.24999999999997,,2,1,,1
92595,225.20000000000002,225.20000000000002,281.7,,,,56.49999999999997,,4,1,,1
92597,225.5,225.5,281.95,,,,56.44999999999999,,3,1,,1
92599,225.75,235.5,235.5,258.5,259.35,33.60000000000002,0.0,23.850000000000023,5,0,upper,1
92602,225.95000000000002,225.95000000000002,283.45,,,,57.49999999999997,,4,1,,0
92603,226.35000000000002,226.35000000000002,283.95,,,,57.599999999999966,,2,1,,1
92607,227.25,227.25,283.7,,,,56.44999999999999,,3,1,,1
92619,230.60000000000002,230.60000000000002,285.7,,,,55.099999999999966,,2,1,,1
92621,231.05,231.05,285.45,,,,54.39999999999998,,3,1,,1
92626,233.25,241.10000000000002,241.10000000000002,257.6,258.5,25.25,0.0,17.399999999999977,0,0,lower,1
92630,234.05,234.05,287.2,,,,53.14999999999998,,3,1,,1
