scenario_id,p,config,seed,spawned,passed,avg_travel_time,p95_travel_time,n_completed,avg_gate_wait,p95_gate_wait,avg_post_gate,p95_post_gate,avg_esc_wait_precise,p95_esc_wait_precise,n_esc_precise,n_exit1,n_exit4,exit1_share,zone1_avg_density,zone1_max_density,zone2_avg_density,zone2_max_density,zone3a_avg_density,zone3a_max_density,zone3b_avg_density,zone3b_max_density,zone3c_avg_density,zone3c_max_density,zone4a_avg_density,zone4a_max_density,zone4b_avg_density,zone4b_max_density,zone4c_avg_density,zone4c_max_density
p10_cfg2_s42,0.1,2,42,794,794,53.21921618204805,83.05000000000001,791,23.2367758186398,57.90499999999998,23.523514538558793,30.07499999999996,19.4881163084703,26.225,791,330,461,0.41719342604298354,0.0542,0.1272,1.1455357142857143,4.0,0.37986111111111115,0.8333333333333334,0.075,0.5,0.032777777777777774,0.06666666666666667,0.5315972222222222,1.0833333333333333,0.5638888888888889,1.8333333333333333,0.04444444444444444,0.06666666666666667
p10_cfg1_s42,0.1,1,42,794,794,49.185768261964746,71.23749999999998,794,14.818765743073046,34.10249999999999,26.407808564231747,36.6,22.42418136020152,32.18500000000002,794,361,433,0.45465994962216627,0.05006666666666667,0.1248,0.7535714285714287,2.7857142857142856,0.4232638888888889,1.0416666666666667,0.24861111111111112,1.5,0.035,0.06666666666666667,0.5645833333333333,1.2916666666666667,0.7597222222222223,1.8333333333333333,0.041666666666666664,0.06666666666666667
p10_cfg1_s46,0.1,1,46,811,811,49.155415617128476,75.11999999999999,794,14.807213316892726,38.72500000000002,26.865931989924444,40.43499999999998,22.91998746867169,36.36,798,358,436,0.4508816120906801,0.05152,0.1304,0.7806547619047619,3.2142857142857144,0.41701388888888885,1.0,0.1986111111111111,1.0,0.03333333333333333,0.06666666666666667,0.6225694444444444,1.5,0.7999999999999999,1.8333333333333333,0.04138888888888889,0.06666666666666667
p10_cfg1_s45,0.1,1,45,857,857,50.551730310262535,72.69499999999998,838,17.529929988331386,40.00999999999999,25.955847255369935,35.0225,21.96252969121141,30.597499999999965,842,394,444,0.4701670644391408,0.05602000000000001,0.1312,0.9541666666666666,3.892857142857143,0.47361111111111115,1.0416666666666667,0.2972222222222222,1.1666666666666667,0.03666666666666667,0.06666666666666667,0.5677083333333334,1.25,0.7444444444444445,1.8333333333333333,0.042499999999999996,0.06666666666666667
p10_cfg1_s43,0.1,1,43,823,823,50.586618004866196,75.85,822,14.446719319562574,32.995,28.102615571776166,41.1425,24.144410692588103,37.09499999999997,823,373,449,0.4537712895377129,0.05347999999999999,0.1296,0.7639880952380952,3.0,0.43333333333333335,0.9583333333333334,0.2777777777777778,1.5,0.03611111111111111,0.06666666666666667,0.6625,1.375,0.876388888888889,2.0,0.043055555555555555,0.06666666666666667
p10_cfg1_s44,0.1,1,44,807,807,49.352190721649485,72.01250000000002,776,14.148203221809167,34.299999999999955,27.904510309278372,42.47500000000004,23.920512820512833,38.2525,780,350,426,0.45103092783505155,0.05196,0.1376,0.7342261904761905,3.392857142857143,0.40902777777777777,1.0416666666666667,0.2041666666666667,1.5,0.034722222222222224,0.06666666666666667,0.6854166666666667,1.5,0.8083333333333332,2.0,0.04083333333333334,0.06666666666666667
p10_cfg2_s43,0.1,2,43,823,823,53.839434889434905,81.25249999999998,814,24.364459295261234,56.429999999999986,23.37757985257986,29.40000000000009,19.416829865361084,25.5,817,337,477,0.414004914004914,0.057133333333333335,0.1304,1.231845238095238,3.9642857142857144,0.38506944444444446,0.7916666666666666,0.09444444444444444,0.6666666666666666,0.030000000000000002,0.06666666666666667,0.5725694444444445,1.125,0.5569444444444445,1.8333333333333333,0.04611111111111111,0.06666666666666667
p10_cfg2_s44,0.1,2,44,807,799,51.263178807947035,75.84999999999998,755,22.511375,55.86500000000001,24.013907284768223,30.265,20.036213720316635,26.407500000000073,758,315,440,0.41721854304635764,0.05461333333333333,0.1376,1.1514880952380953,4.535714285714286,0.3659722222222222,0.8333333333333334,0.08472222222222221,0.6666666666666666,0.030555555555555555,0.06666666666666667,0.5361111111111111,1.0833333333333333,0.6513888888888889,1.8333333333333333,0.041666666666666664,0.06666666666666667
p10_cfg3_s42,0.1,3,42,794,787,59.815303430079176,98.2,758,35.037911392405064,77.7775,20.688984168865446,24.257499999999993,16.67914473684211,20.352500000000017,760,373,385,0.4920844327176781,0.06177333333333333,0.1312,1.6964285714285714,4.571428571428571,0.4201388888888889,0.7083333333333334,0.08472222222222221,0.3333333333333333,0.035,0.06666666666666667,0.42673611111111115,0.7916666666666666,0.10833333333333334,0.6666666666666666,0.035833333333333335,0.06666666666666667
p10_cfg2_s46,0.1,2,46,811,811,52.4904761904762,82.32999999999997,777,23.651787916152895,58.7,23.699292149292166,30.45,19.69596153846155,26.549999999999986,780,331,446,0.425997425997426,0.055406666666666674,0.1328,1.188392857142857,4.071428571428571,0.3795138888888889,0.9583333333333334,0.11388888888888889,0.8333333333333334,0.0325,0.06666666666666667,0.5434027777777778,1.125,0.5444444444444444,1.6666666666666667,0.042222222222222223,0.06666666666666667
p10_cfg3_s43,0.1,3,43,823,811,63.18625954198475,103.10000000000002,786,37.93777641277641,82.36749999999999,21.155788804071253,25.25,17.13172588832488,21.132499999999993,788,383,403,0.4872773536895674,0.06770666666666668,0.1384,1.9050595238095238,4.642857142857143,0.44097222222222227,0.75,0.09583333333333333,0.6666666666666666,0.035833333333333335,0.06666666666666667,0.4600694444444444,0.7916666666666666,0.10972222222222222,0.5,0.03777777777777778,0.06666666666666667
p10_cfg2_s45,0.1,2,45,857,857,54.52657384987895,81.9375,826,24.561843640606767,55.66999999999997,24.841464891041174,33.28750000000001,20.916948130277454,29.180000000000003,829,344,482,0.41646489104116224,0.06076,0.1336,1.2916666666666665,4.0,0.39340277777777777,0.875,0.09583333333333333,0.8333333333333334,0.033888888888888885,0.06666666666666667,0.611111111111111,1.2916666666666667,0.775,1.8333333333333333,0.04583333333333333,0.06666666666666667
p10_cfg3_s44,0.1,3,44,807,759,59.0307220708447,93.81749999999998,734,34.16843832020997,75.295,20.864032697547696,25.349999999999994,16.841440217391316,21.162500000000065,736,363,371,0.494550408719346,0.06316000000000001,0.1408,1.7788690476190474,4.892857142857143,0.40972222222222227,0.7916666666666666,0.08611111111111112,0.5,0.035,0.06666666666666667,0.4149305555555556,0.7916666666666666,0.11527777777777777,0.8333333333333334,0.035833333333333335,0.06666666666666667
p10_cfg4_s42,0.1,4,42,794,718,91.34009971509973,154.62249999999997,702,68.14098474341193,130.9,21.070584045584052,25.297500000000007,17.10390625000001,21.384999999999984,704,258,444,0.36752136752136755,0.09387333333333334,0.152,3.2904761904761908,5.678571428571429,0.28541666666666665,0.5416666666666666,0.03333333333333333,0.3333333333333333,0.025277777777777777,0.06666666666666667,0.517361111111111,0.8333333333333334,0.11944444444444445,0.6666666666666666,0.043611111111111114,0.06666666666666667
p10_cfg4_s43,0.1,4,43,823,722,89.42457264957265,157.1775,702,66.27289073305671,133.88500000000002,20.819301994302002,25.0,16.870028409090914,20.89249999999998,704,263,439,0.37464387464387466,0.09574666666666667,0.1632,3.3660714285714284,6.178571428571429,0.2923611111111111,0.625,0.036111111111111115,0.5,0.025833333333333333,0.06666666666666667,0.5086805555555556,0.7916666666666666,0.10555555555555556,0.5,0.04,0.06666666666666667
p10_cfg4_s44,0.1,4,44,807,701,81.1341911764706,137.12499999999997,680,57.325960170697,115.13999999999997,20.768529411764714,24.805000000000007,16.776061493411426,20.70000000000004,683,250,430,0.36764705882352944,0.08552666666666667,0.1648,2.8985119047619046,6.25,0.2743055555555555,0.5833333333333334,0.03194444444444445,0.3333333333333333,0.023611111111111114,0.06666666666666667,0.49895833333333334,0.7916666666666666,0.11388888888888889,0.5,0.04055555555555555,0.06666666666666667
p10_cfg3_s46,0.1,3,46,811,782,58.269123505976104,103.84000000000002,753,33.52490421455939,82.235,20.790106241699878,24.800000000000033,16.815033112582793,20.899999999999995,755,368,385,0.48871181938911024,0.06227333333333333,0.136,1.7113095238095237,4.678571428571429,0.41250000000000003,0.7083333333333334,0.08750000000000001,0.6666666666666666,0.036944444444444446,0.06666666666666667,0.42430555555555555,0.8333333333333334,0.13055555555555556,0.6666666666666666,0.03666666666666667,0.06666666666666667
p10_cfg3_s45,0.1,3,45,857,827,58.5575719649562,97.25,799,33.526265060240966,75.40499999999994,20.82972465581978,25.04999999999996,16.893757802746574,21.05000000000001,801,396,403,0.4956195244055069,0.06635333333333333,0.1336,1.8104166666666668,4.535714285714286,0.4513888888888889,0.8333333333333334,0.08472222222222221,0.3333333333333333,0.03638888888888889,0.06666666666666667,0.465625,0.9166666666666666,0.10138888888888888,0.6666666666666666,0.03888888888888889,0.06666666666666667
p10_cfg4_s45,0.1,4,45,857,712,97.182183908046,167.88750000000002,696,74.09971988795517,147.32250000000005,21.114439655172422,25.337500000000006,17.161461318051582,21.549999999999986,698,249,447,0.3577586206896552,0.10741333333333335,0.1968,3.8964285714285714,7.571428571428571,0.27743055555555557,0.5833333333333334,0.027777777777777776,0.3333333333333333,0.024722222222222222,0.06666666666666667,0.5277777777777778,0.7916666666666666,0.12916666666666668,0.6666666666666666,0.041666666666666664,0.06666666666666667
p10_cfg5_s42,0.1,5,42,794,507,151.341784989858,287.64,493,130.04852362204724,264.53000000000003,19.963488843813394,23.700000000000028,16.045748987854253,19.899999999999977,494,238,255,0.4827586206896552,0.16087333333333334,0.2776,6.50952380952381,11.75,0.2590277777777778,0.5416666666666666,0.027777777777777776,0.3333333333333333,0.024444444444444442,0.06666666666666667,0.2833333333333333,0.5833333333333334,0.030555555555555555,0.3333333333333333,0.023611111111111114,0.06666666666666667
p10_cfg5_s44,0.1,5,44,807,522,137.32027559055118,250.6775,508,116.12390057361377,234.78999999999996,20.036318897637802,23.900000000000006,16.193039215686284,20.25,510,248,260,0.4881889763779528,0.14646666666666666,0.2864,5.851190476190476,11.892857142857142,0.27881944444444445,0.5,0.024999999999999998,0.3333333333333333,0.025277777777777777,0.06666666666666667,0.2878472222222222,0.5833333333333334,0.019444444444444445,0.16666666666666666,0.02388888888888889,0.06666666666666667
p10_cfg5_s43,0.1,5,43,823,516,151.55717131474105,291.87500000000006,502,130.12301740812381,266.65,19.956673306772917,23.69999999999999,16.132206759443342,19.944999999999993,503,260,242,0.5179282868525896,0.16779333333333335,0.3032,6.789880952380953,12.607142857142858,0.2913194444444444,0.5,0.034722222222222224,0.3333333333333333,0.02333333333333333,0.06666666666666667,0.27152777777777776,0.5416666666666666,0.018055555555555557,0.3333333333333333,0.02222222222222222,0.06666666666666667
p10_cfg4_s46,0.1,4,46,811,712,92.54131693198265,154.47500000000002,691,69.78265734265734,132.47999999999996,20.76910274963821,24.80000000000001,16.811054913294804,21.172500000000017,692,255,436,0.36903039073806077,0.09656,0.1656,3.432440476190476,5.928571428571429,0.28194444444444444,0.7083333333333334,0.020833333333333332,0.3333333333333333,0.025,0.06666666666666667,0.5052083333333334,0.8333333333333334,0.10555555555555556,0.6666666666666666,0.04138888888888889,0.06666666666666667
p10_cfg5_s45,0.1,5,45,857,492,154.839248434238,298.05,479,133.98218623481785,273.8375,19.862943632567855,23.75,15.908523908523913,19.950000000000003,481,238,241,0.4968684759916493,0.17832666666666666,0.3464,7.296726190476191,14.714285714285714,0.26805555555555555,0.5833333333333334,0.024999999999999998,0.3333333333333333,0.021666666666666667,0.06666666666666667,0.25625000000000003,0.5416666666666666,0.029166666666666664,0.3333333333333333,0.02333333333333333,0.06666666666666667
p10_cfg5_s46,0.1,5,46,811,507,163.57510121457491,325.0675,494,141.50620078740158,300.28249999999997,19.794129554655875,23.69999999999999,15.886969696969702,19.73000000000001,495,248,246,0.5020242914979757,0.16802666666666666,0.2984,6.813095238095238,12.5,0.26944444444444443,0.5416666666666666,0.034722222222222224,0.5,0.024722222222222222,0.06666666666666667,0.2652777777777778,0.625,0.030555555555555555,0.16666666666666666,0.02638888888888889,0.06666666666666667
p10_cfg6_s42,0.1,6,42,794,293,195.3598245614035,445.5300000000001,285,160.64336734693876,389.80999999999995,19.88596491228071,23.75,16.086666666666673,20.200000000000003,285,50,235,0.17543859649122806,0.2385733333333333,0.4312,9.394642857142857,18.428571428571427,0.05416666666666667,0.2916666666666667,0.001388888888888889,0.16666666666666666,0.005277777777777778,0.06666666666666667,0.26180555555555557,0.5,0.044444444444444446,0.5,0.02222222222222222,0.06666666666666667
p10_cfg6_s46,0.1,6,46,811,303,186.6333898305085,454.63500000000005,295,153.7167763157895,391.90999999999997,19.403389830508484,23.699999999999992,15.605932203389838,19.850000000000012,295,54,241,0.18305084745762712,0.23156,0.432,9.047619047619047,18.321428571428573,0.05416666666666667,0.375,0.006944444444444444,0.16666666666666666,0.005,0.03333333333333333,0.2638888888888889,0.625,0.034722222222222224,0.5,0.02388888888888889,0.06666666666666667
p10_cfg6_s44,0.1,6,44,807,294,191.1365853658537,404.35,287,159.53169491525426,363.88499999999993,20.358188153310113,24.204999999999988,16.576215277777784,20.55000000000001,288,52,235,0.18118466898954705,0.22414666666666666,0.4432,8.71220238095238,18.535714285714285,0.05694444444444444,0.4166666666666667,0.002777777777777778,0.16666666666666666,0.005,0.06666666666666667,0.26840277777777777,0.625,0.027777777777777776,0.5,0.022500000000000003,0.06666666666666667
p10_cfg6_s43,0.1,6,43,823,279,201.8314338235294,447.24,272,167.33821428571432,384.5150000000001,19.802022058823535,23.69999999999999,15.964835164835167,19.760000000000034,273,36,236,0.1323529411764706,0.25108,0.4608,9.836904761904762,19.821428571428573,0.03715277777777778,0.25,0.0,0.0,0.0033333333333333335,0.03333333333333333,0.2625,0.5416666666666666,0.030555555555555555,0.3333333333333333,0.02277777777777778,0.06666666666666667
p10_cfg6_s45,0.1,6,45,857,282,205.965523465704,453.5499999999999,277,168.91042402826855,392.89500000000004,19.60000000000001,23.810000000000006,15.772202166064988,20.23000000000001,277,43,234,0.1552346570397112,0.25538,0.4904,9.919940476190476,20.714285714285715,0.043750000000000004,0.20833333333333334,0.002777777777777778,0.16666666666666666,0.0044444444444444444,0.03333333333333333,0.25729166666666664,0.5,0.018055555555555557,0.3333333333333333,0.020277777777777777,0.06666666666666667
p30_cfg1_s42,0.3,1,42,794,794,51.9686224489796,97.14249999999998,784,15.945780856423168,55.96999999999988,28.68010204081634,43.41999999999997,24.76952926208652,39.67500000000002,786,280,504,0.35714285714285715,0.05330666666666667,0.1272,0.8232142857142858,3.0714285714285716,0.31875000000000003,1.0416666666666667,0.2111111111111111,1.6666666666666667,0.02611111111111111,0.06666666666666667,0.7927083333333332,1.6666666666666667,0.7875,1.8333333333333333,0.04833333333333333,0.06666666666666667
p30_cfg1_s43,0.3,1,43,823,823,51.930334987593056,90.125,806,14.795868772782498,45.89499999999998,30.06681141439207,48.01250000000002,26.2068688118812,44.33250000000002,808,304,502,0.3771712158808933,0.05550666666666667,0.1248,0.7848214285714287,3.0357142857142856,0.3458333333333334,1.0,0.1763888888888889,1.0,0.028333333333333332,0.06666666666666667,0.876388888888889,1.8333333333333333,0.9319444444444445,2.0,0.0475,0.06666666666666667
p30_cfg1_s44,0.3,1,44,807,806,51.228385416666676,90.52999999999999,768,15.092317224287477,52.44499999999994,29.182031250000012,44.982500000000016,25.317142857142862,41.51,770,285,483,0.37109375,0.0544,0.1368,0.7892857142857144,3.5357142857142856,0.3350694444444444,0.875,0.10833333333333334,0.8333333333333334,0.02777777777777778,0.06666666666666667,0.8458333333333333,1.875,0.8402777777777778,2.0,0.04583333333333333,0.06666666666666667
p30_cfg1_s46,0.3,1,46,811,799,50.704265091863526,95.7425,762,15.745869837296613,57.25499999999999,28.55603674540684,45.39250000000008,24.714725130890066,41.65000000000008,764,281,481,0.36876640419947504,0.054773333333333334,0.1328,0.8624999999999999,3.3214285714285716,0.315625,0.9166666666666666,0.14305555555555555,1.1666666666666667,0.026944444444444444,0.06666666666666667,0.8201388888888889,1.8333333333333333,0.813888888888889,2.0,0.04555555555555556,0.06666666666666667
p30_cfg1_s45,0.3,1,45,857,853,51.979176755447945,92.97500000000001,826,15.278898007033991,50.85999999999997,30.243825665859575,48.73749999999998,26.39625603864735,45.04749999999999,828,319,507,0.38619854721549635,0.058660000000000004,0.1312,0.8562500000000001,3.0,0.3732638888888889,1.125,0.19305555555555556,1.5,0.030555555555555555,0.06666666666666667,0.8954861111111111,1.875,0.938888888888889,2.1666666666666665,0.04861111111111111,0.06666666666666667
p30_cfg2_s42,0.3,2,42,794,794,48.768387909319905,73.88749999999997,794,10.885579345088159,25.08499999999998,29.488916876574322,46.36999999999997,25.69256926952142,42.684999999999995,794,341,453,0.42947103274559195,0.049846666666666664,0.1304,0.5803571428571429,2.5714285714285716,0.4263888888888889,1.2083333333333333,0.3111111111111111,1.8333333333333333,0.03305555555555555,0.06666666666666667,0.7006944444444444,1.75,0.8624999999999999,2.0,0.04416666666666667,0.06666666666666667
p30_cfg2_s43,0.3,2,43,823,823,50.09222357229649,78.08000000000001,823,12.518955042527336,32.14000000000008,29.238821385176198,44.18999999999999,25.39222357229648,40.489999999999995,823,359,464,0.4362089914945322,0.05295333333333333,0.1272,0.6761904761904762,2.607142857142857,0.4371527777777778,1.1666666666666667,0.3347222222222222,1.8333333333333333,0.03361111111111111,0.06666666666666667,0.7111111111111111,1.7083333333333333,0.8930555555555556,1.8333333333333333,0.04444444444444444,0.06666666666666667
p30_cfg3_s42,0.3,3,42,794,794,49.29822784810127,76.68249999999998,790,15.796788413098234,45.06999999999998,25.98537974683545,38.160000000000025,22.193236409608097,33.82500000000002,791,359,431,0.4544303797468354,0.05042666666666667,0.128,0.8101190476190476,3.0714285714285716,0.42430555555555555,1.0833333333333333,0.17361111111111113,1.3333333333333333,0.033888888888888885,0.06666666666666667,0.5770833333333333,1.625,0.7333333333333334,1.8333333333333333,0.04055555555555555,0.06666666666666667
p30_cfg2_s44,0.3,2,44,807,807,48.14108974358976,72.70750000000001,780,11.777757125154892,31.384999999999987,28.44833333333335,44.055000000000064,24.706777493606143,40.49249999999999,782,354,426,0.45384615384615384,0.05072666666666666,0.1376,0.631547619047619,2.9642857142857144,0.42465277777777777,1.125,0.31666666666666665,1.6666666666666667,0.03305555555555555,0.06666666666666667,0.7034722222222222,1.7916666666666667,0.7805555555555556,2.0,0.04138888888888889,0.06666666666666667
p30_cfg2_s46,0.3,2,46,811,811,47.96291139240507,75.57750000000001,790,11.599136868064116,33.05,28.463227848101273,45.099999999999994,24.65435606060607,41.51750000000001,792,346,444,0.4379746835443038,0.05053333333333333,0.1296,0.6300595238095238,2.9285714285714284,0.4152777777777778,1.0416666666666667,0.2708333333333333,1.1666666666666667,0.03305555555555555,0.06666666666666667,0.701736111111111,1.6666666666666667,0.8430555555555556,2.1666666666666665,0.041944444444444444,0.06666666666666667
p30_cfg3_s43,0.3,3,43,823,823,49.50695970695972,77.875,819,16.29738760631835,50.85499999999997,25.87851037851039,39.400000000000006,22.154700854700863,35.60500000000002,819,372,447,0.4542124542124542,0.052520000000000004,0.1256,0.8669642857142856,3.392857142857143,0.43506944444444445,1.0,0.23611111111111113,1.1666666666666667,0.035277777777777776,0.06666666666666667,0.5902777777777778,1.4583333333333333,0.7027777777777778,1.8333333333333333,0.04277777777777778,0.06666666666666667
p30_cfg2_s45,0.3,2,45,857,857,50.017344497607674,75.70000000000002,836,12.468903150525087,30.419999999999973,29.574760765550252,45.300000000000026,25.763186157517907,42.107499999999966,838,373,463,0.4461722488038278,0.05588666666666667,0.132,0.7029761904761905,2.6785714285714284,0.4479166666666667,1.125,0.37083333333333335,1.6666666666666667,0.03611111111111111,0.06666666666666667,0.7756944444444445,1.7916666666666667,0.9319444444444445,2.0,0.04444444444444444,0.06666666666666667
p30_cfg3_s44,0.3,3,44,807,800,47.94539559014268,73.97500000000002,771,16.50361596009975,53.28749999999994,25.52295719844359,36.0,21.747739018087866,32.53499999999998,774,358,413,0.46433203631647213,0.05072666666666666,0.136,0.8720238095238095,3.7857142857142856,0.41909722222222223,1.0833333333333333,0.23750000000000002,1.5,0.03333333333333333,0.06666666666666667,0.546875,1.2916666666666667,0.6319444444444444,1.8333333333333333,0.03972222222222222,0.06666666666666667
p30_cfg4_s42,0.3,4,42,794,786,54.38350785340315,96.93250000000002,764,25.937072243346005,74.62999999999998,23.34037958115184,31.29250000000001,19.52966101694916,27.599999999999966,767,299,465,0.3913612565445026,0.05644,0.1288,1.3020833333333335,3.5,0.3524305555555556,1.0833333333333333,0.09999999999999999,0.8333333333333334,0.028611111111111108,0.06666666666666667,0.5572916666666666,1.25,0.45416666666666666,1.8333333333333333,0.04472222222222222,0.06666666666666667
p30_cfg3_s45,0.3,3,45,857,857,51.352710843373494,80.27749999999997,830,21.979871645274212,59.460000000000036,23.865963855421697,32.000000000000014,19.99562350119905,28.399999999999977,834,388,442,0.4674698795180723,0.057313333333333334,0.1312,1.1839285714285714,3.7142857142857144,0.4451388888888889,0.9166666666666666,0.1875,1.1666666666666667,0.03666666666666667,0.06666666666666667,0.5385416666666667,1.2083333333333333,0.5638888888888889,1.8333333333333333,0.041944444444444444,0.06666666666666667
p30_cfg4_s43,0.3,4,43,823,811,56.28612167300381,98.85999999999999,789,28.76687192118227,77.81249999999996,22.829657794676812,30.479999999999976,19.034217171717174,26.85000000000001,792,315,474,0.39923954372623577,0.06080666666666667,0.1248,1.4985119047619049,3.607142857142857,0.35381944444444446,0.875,0.08333333333333333,0.8333333333333334,0.030833333333333334,0.06666666666666667,0.5704861111111111,1.2916666666666667,0.45,1.8333333333333333,0.04416666666666667,0.06666666666666667
p30_cfg4_s44,0.3,4,44,807,760,52.704945799458,87.15749999999998,738,24.646657929226738,69.945,23.493089430894315,32.06499999999999,19.751689189189193,28.352500000000006,740,298,440,0.4037940379403794,0.057313333333333334,0.1416,1.3705357142857142,4.321428571428571,0.33229166666666665,1.0,0.09166666666666667,1.0,0.02666666666666667,0.06666666666666667,0.5361111111111111,1.25,0.5458333333333333,1.8333333333333333,0.042499999999999996,0.06666666666666667
p30_cfg3_s46,0.3,3,46,811,811,49.34759797724402,80.17500000000003,791,16.40524044389642,49.900000000000006,26.157332490518346,41.85000000000002,22.388853904282126,38.302500000000016,794,370,421,0.46776232616940583,0.0522,0.1336,0.8613095238095239,3.2142857142857144,0.42743055555555554,1.0416666666666667,0.26805555555555555,1.5,0.035555555555555556,0.06666666666666667,0.6006944444444444,1.5,0.6527777777777778,1.8333333333333333,0.04,0.06666666666666667
p30_cfg4_s45,0.3,4,45,857,834,56.22373300370828,98.19999999999995,809,28.231997607655497,77.5125,23.446600741656376,33.43000000000003,19.66447044334976,29.517499999999995,812,320,489,0.39555006180469715,0.06361333333333333,0.1328,1.5541666666666667,3.642857142857143,0.3586805555555555,1.0,0.1277777777777778,1.3333333333333333,0.03111111111111111,0.06666666666666667,0.5989583333333334,1.375,0.5222222222222223,1.8333333333333333,0.04805555555555555,0.06666666666666667
p30_cfg5_s44,0.3,5,44,807,636,91.64056000000001,195.26,625,69.17029780564263,184.44749999999996,20.96544000000001,24.740000000000002,17.141600000000007,21.03999999999999,625,303,322,0.4848,0.0997,0.2096,3.616369047619048,7.785714285714286,0.33888888888888885,0.8333333333333334,0.07916666666666666,0.8333333333333334,0.029444444444444443,0.06666666666666667,0.36423611111111115,0.9583333333333334,0.11388888888888889,1.1666666666666667,0.0275,0.06666666666666667
p30_cfg5_s42,0.3,5,42,794,681,90.6292537313433,192.95250000000001,670,65.72507331378299,173.11249999999993,21.197985074626875,26.52750000000001,17.46316964285715,23.22249999999999,672,330,340,0.4925373134328358,0.09509333333333332,0.1624,3.3217261904761908,5.607142857142857,0.375,0.875,0.07222222222222223,0.5,0.03138888888888889,0.06666666666666667,0.38819444444444445,1.125,0.14166666666666666,1.3333333333333333,0.03166666666666666,0.06666666666666667
p30_cfg5_s43,0.3,5,43,823,658,100.98705148205929,213.85000000000002,641,80.17389984825495,205.57000000000005,20.51630265210609,24.75,16.80693146417446,21.144999999999975,642,306,335,0.47737909516380655,0.11590666666666666,0.2064,4.326488095238095,7.642857142857143,0.34861111111111115,0.7916666666666666,0.049999999999999996,0.6666666666666666,0.029722222222222223,0.06666666666666667,0.37222222222222223,1.0,0.09444444444444444,1.6666666666666667,0.03222222222222222,0.06666666666666667
p30_cfg5_s45,0.3,5,45,857,651,93.37641509433963,197.53750000000008,636,71.83926380368098,196.50749999999988,20.85511006289309,25.75,17.065777080062798,22.259999999999994,637,306,330,0.4811320754716981,0.11407333333333333,0.2368,4.231547619047619,9.0,0.3506944444444444,0.7916666666666666,0.06944444444444445,0.6666666666666666,0.029166666666666667,0.06666666666666667,0.3690972222222222,1.0416666666666667,0.12638888888888888,1.1666666666666667,0.0325,0.06666666666666667
p30_cfg4_s46,0.3,4,46,811,781,54.98120893561105,105.65000000000002,761,27.917984693877546,84.7775,22.227529566360065,29.099999999999994,18.443979057591633,25.18500000000004,764,305,456,0.4007884362680683,0.05888666666666667,0.1272,1.4651785714285714,3.7857142857142856,0.34722222222222227,0.8333333333333334,0.07638888888888888,1.3333333333333333,0.0275,0.06666666666666667,0.5395833333333333,1.1666666666666667,0.3458333333333334,1.6666666666666667,0.04277777777777778,0.06666666666666667
p30_cfg5_s46,0.3,5,46,811,666,95.6573506891271,196.48000000000002,653,70.98645209580837,177.12499999999997,20.98621745788668,25.51,17.226987767584106,22.01750000000001,654,318,335,0.4869831546707504,0.10061333333333333,0.1832,3.6098214285714287,6.642857142857143,0.3638888888888889,0.9583333333333334,0.10416666666666667,1.1666666666666667,0.029722222222222223,0.06666666666666667,0.3670138888888889,0.9583333333333334,0.13472222222222222,1.3333333333333333,0.03194444444444445,0.06666666666666667
p30_cfg6_s44,0.3,6,44,807,458,117.52533333333335,345.7325000000001,450,92.5495642701525,332.59999999999985,20.241888888888898,24.25,16.66685144124169,20.75,451,141,309,0.31333333333333335,0.16455333333333333,0.3328,6.360119047619048,13.0,0.14965277777777777,0.7916666666666666,0.034722222222222224,0.5,0.014166666666666666,0.06666666666666667,0.34791666666666665,0.7916666666666666,0.07083333333333333,0.6666666666666666,0.029444444444444443,0.06666666666666667
p30_cfg6_s42,0.3,6,42,794,424,134.09424460431654,388.51000000000005,417,105.28529411764706,351.18999999999994,20.083333333333343,23.7,16.465311004784695,20.199999999999996,418,119,298,0.2853717026378897,0.19005999999999998,0.3376,7.444345238095238,13.821428571428571,0.12847222222222224,0.5416666666666666,0.012499999999999999,0.16666666666666666,0.010833333333333334,0.06666666666666667,0.33819444444444446,0.875,0.05416666666666667,0.6666666666666666,0.02777777777777778,0.06666666666666667
p30_cfg6_s43,0.3,6,43,823,455,118.08897550111361,348.66,449,91.790899122807,326.86249999999995,19.96570155902005,23.979999999999993,16.383184855233857,20.29999999999999,449,141,308,0.31403118040089084,0.18237333333333333,0.344,7.110416666666667,13.785714285714286,0.14965277777777777,0.6666666666666666,0.018055555555555557,0.3333333333333333,0.012777777777777779,0.06666666666666667,0.3385416666666667,0.9583333333333334,0.0638888888888889,0.8333333333333334,0.029166666666666667,0.06666666666666667
p30_cfg6_s46,0.3,6,46,811,449,122.68434684684686,361.37249999999983,444,95.61066666666667,338.23749999999995,19.956756756756764,24.30000000000006,16.356741573033712,20.89000000000003,445,140,304,0.3153153153153153,0.17517333333333335,0.3304,6.818154761904762,13.321428571428571,0.15208333333333332,0.7916666666666666,0.022222222222222223,0.3333333333333333,0.013333333333333334,0.06666666666666667,0.3361111111111111,0.7083333333333334,0.04861111111111111,0.5,0.030555555555555555,0.06666666666666667
p30_cfg6_s45,0.3,6,45,857,469,119.62082429501083,362.5,461,93.12382978723403,338.98249999999996,20.435466377440356,24.94999999999999,16.890800865800873,21.450000000000042,462,144,317,0.3123644251626898,0.18459333333333333,0.3616,7.128869047619047,14.392857142857142,0.15555555555555556,0.8333333333333334,0.0375,0.6666666666666666,0.014722222222222222,0.06666666666666667,0.3524305555555556,0.9166666666666666,0.10694444444444445,0.8333333333333334,0.03111111111111111,0.06666666666666667
p50_cfg1_s42,0.5,1,42,794,731,75.35251396648044,188.2375,716,42.16053351573186,148.49999999999997,26.950000000000017,37.700000000000045,23.05969316596932,34.07000000000004,717,217,499,0.30307262569832405,0.07984,0.1408,2.222916666666667,3.892857142857143,0.2489583333333333,0.9166666666666666,0.05833333333333333,0.6666666666666666,0.021111111111111112,0.06666666666666667,0.7447916666666666,1.3333333333333333,0.5861111111111111,1.8333333333333333,0.04694444444444445,0.06666666666666667
p50_cfg1_s44,0.5,1,44,807,690,79.45445103857568,198.935,674,49.29681620839362,171.17499999999995,26.050445103857577,36.55000000000001,22.21703703703704,32.664999999999985,675,196,478,0.29080118694362017,0.09004,0.1944,2.7386904761904765,5.857142857142857,0.22083333333333333,0.9166666666666666,0.07916666666666666,1.1666666666666667,0.019444444444444445,0.06666666666666667,0.6902777777777778,1.4166666666666667,0.5013888888888889,2.0,0.04472222222222222,0.06666666666666667
p50_cfg1_s43,0.5,1,43,823,723,82.72943661971833,209.48250000000004,710,51.759806629834245,178.97,26.741549295774657,37.450000000000045,22.86729957805908,33.650000000000006,711,211,499,0.2971830985915493,0.09348,0.1712,2.8458333333333337,5.25,0.23124999999999998,0.8333333333333334,0.075,0.6666666666666666,0.020277777777777777,0.06666666666666667,0.7423611111111111,1.4583333333333333,0.5916666666666667,1.8333333333333333,0.0475,0.06666666666666667
p50_cfg1_s46,0.5,1,46,811,731,72.77905027932962,172.0625,716,39.804445964432276,136.24999999999997,26.92283519553074,38.450000000000045,23.05341701534171,35.06000000000006,717,216,500,0.3016759776536313,0.07909333333333333,0.1544,2.1651785714285716,4.178571428571429,0.24756944444444443,0.9583333333333334,0.07916666666666666,0.6666666666666666,0.01972222222222222,0.06666666666666667,0.7482638888888888,1.4583333333333333,0.5791666666666667,1.8333333333333333,0.0475,0.06666666666666667
p50_cfg1_s45,0.5,1,45,857,781,69.41068152031455,163.99000000000007,763,34.61344430217669,127.64999999999998,28.77575360419399,44.33000000000002,24.87274509803923,40.400000000000034,765,235,528,0.30799475753604194,0.08006666666666666,0.1616,2.0541666666666667,4.678571428571429,0.26458333333333334,0.9166666666666666,0.08611111111111112,0.6666666666666666,0.02138888888888889,0.06666666666666667,0.8624999999999999,1.7083333333333333,0.7569444444444445,2.0,0.049444444444444444,0.06666666666666667
p50_cfg2_s42,0.5,2,42,794,794,49.29420654911839,77.81999999999998,794,13.138287153652387,42.774999999999956,28.734382871536535,42.217500000000015,25.00428211586902,38.87000000000003,794,360,434,0.4534005037783375,0.050480000000000004,0.1296,0.6869047619047619,2.9642857142857144,0.4607638888888889,1.2083333333333333,0.3263888888888889,1.5,0.035,0.06666666666666667,0.6586805555555556,1.5833333333333333,0.7180555555555556,1.8333333333333333,0.04111111111111111,0.06666666666666667
p50_cfg2_s43,0.5,2,43,823,823,49.49003645200487,78.43999999999998,823,14.20844471445929,46.885000000000005,27.93268529769139,41.53500000000001,24.23614823815311,37.930000000000014,823,385,438,0.46780072904009723,0.05247333333333334,0.124,0.7622023809523809,2.8214285714285716,0.4777777777777778,1.0833333333333333,0.3138888888888889,1.6666666666666667,0.03638888888888889,0.06666666666666667,0.6576388888888889,1.5,0.6875,1.8333333333333333,0.04138888888888889,0.06666666666666667
p50_cfg2_s44,0.5,2,44,807,807,49.139116517285544,75.94999999999999,781,13.790706319702595,43.32499999999996,28.405697823303477,41.450000000000045,24.74904458598727,38.180000000000035,785,365,416,0.4673495518565941,0.05196,0.136,0.725297619047619,3.142857142857143,0.4774305555555556,1.125,0.2972222222222222,1.5,0.035833333333333335,0.06666666666666667,0.6826388888888889,1.75,0.6583333333333333,2.0,0.03972222222222222,0.06666666666666667
p50_cfg2_s45,0.5,2,45,857,857,50.149462365591404,80.85,837,15.186172695449239,48.53999999999997,28.50477897252092,42.959999999999994,24.80267857142858,39.15500000000008,840,385,452,0.45997610513739545,0.056113333333333335,0.1296,0.8467261904761905,3.0,0.4982638888888889,1.125,0.2833333333333333,1.6666666666666667,0.03611111111111111,0.06666666666666667,0.7159722222222222,1.5833333333333333,0.7597222222222223,1.8333333333333333,0.04388888888888889,0.06666666666666667
p50_cfg2_s46,0.5,2,46,811,811,49.03549618320612,81.13750000000007,786,14.889395807644872,51.42500000000001,27.802099236641237,40.58750000000002,24.06527249683144,37.100000000000016,789,362,424,0.46055979643765904,0.052020000000000004,0.1312,0.7910714285714285,3.25,0.47430555555555554,1.1666666666666667,0.2986111111111111,1.6666666666666667,0.035,0.06666666666666667,0.63125,1.4166666666666667,0.6486111111111111,1.8333333333333333,0.03972222222222222,0.06666666666666667
p50_cfg3_s42,0.5,3,42,794,794,47.28457178841311,77.20749999999997,794,7.595340050377829,18.799999999999994,30.815869017632256,52.81749999999999,27.16542821158691,49.404999999999966,794,335,459,0.42191435768261965,0.04843333333333333,0.1224,0.44226190476190474,2.1785714285714284,0.4076388888888889,1.125,0.3180555555555556,1.6666666666666667,0.0325,0.06666666666666667,0.7916666666666666,2.2083333333333335,0.8847222222222223,2.0,0.043611111111111114,0.06666666666666667
p50_cfg3_s43,0.5,3,43,823,823,48.4127892813642,75.65,821,7.902916160388815,20.55000000000001,31.62722289890379,53.450000000000045,28.046354799513985,49.5,823,348,473,0.4238733252131547,0.0515,0.12,0.46845238095238095,2.1785714285714284,0.4302083333333333,1.1666666666666667,0.35555555555555557,1.6666666666666667,0.03305555555555555,0.06666666666666667,0.8552083333333332,2.0416666666666665,0.9263888888888889,2.0,0.04611111111111111,0.06666666666666667
p50_cfg3_s44,0.5,3,44,807,807,47.41421254801537,72.24999999999997,781,8.07329615861214,18.65,30.72880921895008,50.599999999999994,27.124457215836536,47.245000000000005,783,340,441,0.4353393085787452,0.05013333333333333,0.1328,0.45833333333333337,2.4285714285714284,0.42291666666666666,1.1666666666666667,0.3680555555555556,1.6666666666666667,0.0325,0.06666666666666667,0.8291666666666666,2.3333333333333335,0.8416666666666667,2.1666666666666665,0.042222222222222223,0.06666666666666667
p50_cfg4_s42,0.5,4,42,794,794,49.11070975918886,77.46999999999996,789,12.387720403022668,44.91750000000002,28.73276299112802,43.45000000000001,25.036283185840713,39.450000000000045,791,333,456,0.4220532319391635,0.05028666666666667,0.1232,0.6675595238095238,2.142857142857143,0.4128472222222222,1.2916666666666667,0.2847222222222222,1.8333333333333333,0.03111111111111111,0.06666666666666667,0.6881944444444444,1.75,0.8319444444444444,2.0,0.04444444444444444,0.06666666666666667
p50_cfg3_s46,0.5,3,46,811,811,48.03765903307889,75.86250000000001,786,8.691245376078909,24.625000000000025,30.88511450381681,51.10000000000001,27.283502538071076,47.64749999999999,788,345,441,0.4389312977099237,0.05092,0.1312,0.4958333333333333,2.3214285714285716,0.43194444444444446,1.125,0.37083333333333335,1.8333333333333333,0.0325,0.06666666666666667,0.828125,2.2916666666666665,0.8486111111111111,2.0,0.042499999999999996,0.06666666666666667
p50_cfg3_s45,0.5,3,45,857,857,50.01622911694511,77.89999999999998,838,8.824912485414231,20.85999999999999,32.69546539379476,56.39500000000002,29.105178571428578,53.06999999999999,840,362,476,0.431980906921241,0.05600666666666667,0.128,0.5238095238095238,2.1785714285714284,0.44166666666666665,1.125,0.40972222222222227,1.6666666666666667,0.035,0.06666666666666667,0.9600694444444445,2.4583333333333335,0.9972222222222222,2.1666666666666665,0.04611111111111111,0.06666666666666667
p50_cfg4_s43,0.5,4,43,823,823,49.55774390243903,79.95749999999998,820,11.22648845686512,38.39999999999998,30.079146341463424,45.80250000000001,26.46283454987835,42.63749999999999,822,351,469,0.42804878048780487,0.05274666666666667,0.1264,0.6336309523809524,2.5,0.45208333333333334,1.25,0.4277777777777778,1.6666666666666667,0.033888888888888885,0.06666666666666667,0.7444444444444445,1.75,0.8722222222222222,2.0,0.04472222222222222,0.06666666666666667
p50_cfg4_s44,0.5,4,44,807,805,47.35000000000001,75.6175,774,11.942812887236675,47.779999999999916,29.01866925064601,43.04249999999997,25.395554123711346,39.462500000000034,776,339,435,0.437984496124031,0.05038,0.1352,0.6592261904761905,2.9642857142857144,0.41562499999999997,1.25,0.3902777777777778,1.8333333333333333,0.03111111111111111,0.06666666666666667,0.6767361111111111,1.5,0.8319444444444444,2.0,0.041666666666666664,0.06666666666666667
p50_cfg4_s45,0.5,4,45,857,857,50.26041916167666,82.55999999999999,835,13.350700116686111,49.539999999999985,29.784191616766478,44.949999999999996,26.14826968973748,41.25749999999999,838,366,469,0.43832335329341315,0.05635333333333333,0.1288,0.7729166666666666,2.6785714285714284,0.45034722222222223,1.2083333333333333,0.4152777777777778,1.8333333333333333,0.034722222222222224,0.06666666666666667,0.7684027777777778,1.7083333333333333,0.9152777777777777,2.0,0.045000000000000005,0.06666666666666667
p50_cfg5_s42,0.5,5,42,794,774,53.10538057742782,104.83999999999999,762,22.838193548387096,85.95999999999998,24.004658792650932,33.447499999999984,20.362270341207353,29.85000000000001,762,356,406,0.4671916010498688,0.05558,0.128,1.2125000000000001,2.892857142857143,0.41944444444444445,1.125,0.20555555555555557,1.3333333333333333,0.03305555555555555,0.06666666666666667,0.4993055555555555,1.375,0.47500000000000003,1.8333333333333333,0.04,0.06666666666666667
p50_cfg4_s46,0.5,4,46,811,811,47.87212276214836,80.29750000000001,782,11.059617755856962,42.674999999999955,29.660166240409225,46.33499999999998,26.120764331210204,42.84000000000002,785,341,441,0.4360613810741688,0.05103333333333333,0.1304,0.618452380952381,2.607142857142857,0.43333333333333335,1.25,0.41250000000000003,1.8333333333333333,0.03222222222222222,0.06666666666666667,0.725,1.7083333333333333,0.8291666666666666,2.0,0.042499999999999996,0.06666666666666667
p50_cfg5_s43,0.5,5,43,823,821,53.721755253399266,103.08,809,22.076796589524974,83.0,25.441532756489508,38.36000000000004,21.846543209876554,34.88749999999999,810,377,432,0.46600741656365885,0.057679999999999995,0.1272,1.16875,2.7857142857142856,0.44236111111111115,1.1666666666666667,0.24861111111111112,1.6666666666666667,0.036944444444444446,0.06666666666666667,0.5833333333333334,1.5,0.6152777777777778,2.0,0.04027777777777777,0.06666666666666667
p50_cfg5_s44,0.5,5,44,807,784,51.97246753246753,100.91,770,19.854585987261146,79.68999999999998,25.758701298701308,38.58249999999998,22.119494818652853,35.245000000000026,772,355,415,0.461038961038961,0.05544666666666667,0.1352,1.1035714285714284,2.857142857142857,0.41562499999999997,1.1666666666666667,0.24027777777777778,1.6666666666666667,0.034166666666666665,0.06666666666666667,0.5673611111111111,1.5,0.5750000000000001,2.0,0.03888888888888889,0.06666666666666667
p50_cfg5_s45,0.5,5,45,857,824,54.39876543209878,108.505,810,24.90284503631961,89.03750000000001,23.832469135802477,34.92750000000002,20.2375925925926,31.350000000000023,810,373,437,0.4604938271604938,0.06186666666666666,0.1296,1.436607142857143,3.0714285714285716,0.4368055555555555,1.0416666666666667,0.19305555555555556,1.3333333333333333,0.035,0.06666666666666667,0.5305555555555556,1.3333333333333333,0.5291666666666667,1.8333333333333333,0.04055555555555555,0.06666666666666667
p50_cfg5_s46,0.5,5,46,811,778,53.45300653594773,107.10999999999999,765,23.04249037227214,86.4549999999999,24.311633986928115,34.90000000000009,20.679699738903402,31.637500000000074,766,362,403,0.47320261437908495,0.05754,0.132,1.280357142857143,3.107142857142857,0.4236111111111111,1.1666666666666667,0.25277777777777777,1.6666666666666667,0.035555555555555556,0.06666666666666667,0.5121527777777778,1.5416666666666667,0.4388888888888889,1.8333333333333333,0.03805555555555555,0.06666666666666667
p50_cfg6_s42,0.5,6,42,794,605,91.59733333333335,305.4774999999999,600,62.58900826446282,289.2,22.758083333333342,29.902500000000003,19.27991666666667,26.20250000000004,600,216,384,0.36,0.11841333333333334,0.2184,4.245238095238095,7.571428571428571,0.25416666666666665,1.0416666666666667,0.14305555555555555,1.1666666666666667,0.021111111111111112,0.06666666666666667,0.4472222222222222,1.1666666666666667,0.30972222222222223,1.8333333333333333,0.035833333333333335,0.06666666666666667
p50_cfg6_s43,0.5,6,43,823,606,87.53073701842547,309.53000000000003,597,60.69250411861614,292.4599999999999,22.485259631490802,27.759999999999998,18.995568561872915,24.450000000000003,598,219,378,0.36683417085427134,0.12277333333333333,0.2456,4.411011904761905,8.75,0.2600694444444444,0.9583333333333334,0.12083333333333333,1.1666666666666667,0.021944444444444444,0.06666666666666667,0.43402777777777773,1.0833333333333333,0.2791666666666667,1.5,0.03638888888888889,0.06666666666666667
p50_cfg6_s44,0.5,6,44,807,618,83.91798029556651,266.98,609,56.197899838449125,249.07000000000002,22.841871921182275,30.560000000000016,19.35959016393443,27.25,610,227,382,0.3727422003284072,0.10765999999999999,0.2368,3.786607142857143,7.821428571428571,0.2576388888888889,1.0,0.12083333333333333,1.0,0.021944444444444444,0.06666666666666667,0.4576388888888889,1.3333333333333333,0.31527777777777777,1.8333333333333333,0.035277777777777776,0.06666666666666667
p50_cfg6_s45,0.5,6,45,857,613,86.43289256198348,313.29,605,60.615960912052124,306.26750000000004,22.315123966942156,27.19000000000004,18.794224422442248,23.9875,606,221,384,0.3652892561983471,0.12711333333333336,0.2648,4.629761904761905,9.464285714285714,0.2565972222222222,1.0833333333333333,0.14027777777777778,1.3333333333333333,0.021666666666666667,0.06666666666666667,0.44097222222222227,1.1666666666666667,0.2777777777777778,1.6666666666666667,0.03638888888888889,0.06666666666666667
p50_cfg6_s46,0.5,6,46,811,618,88.53780687397709,297.675,611,61.51680129240711,298.0850000000001,22.298772504091662,29.300000000000068,18.817839607201314,25.625000000000036,611,223,388,0.3649754500818331,0.11475999999999999,0.2256,4.085416666666666,7.642857142857143,0.2569444444444445,1.0,0.11805555555555557,1.3333333333333333,0.021666666666666667,0.06666666666666667,0.44965277777777773,1.1666666666666667,0.30833333333333335,1.8333333333333333,0.035833333333333335,0.06666666666666667
p70_cfg1_s42,0.7,1,42,794,549,128.38295880149815,331.8350000000001,534,94.70836363636361,278.78749999999997,24.428558052434475,29.990000000000002,20.581682242990663,26.225000000000016,535,120,414,0.2247191011235955,0.1492,0.2568,5.3812500000000005,9.821428571428571,0.13125,0.625,0.030555555555555555,0.5,0.010833333333333334,0.06666666666666667,0.5850694444444444,1.2916666666666667,0.22916666666666666,1.6666666666666667,0.03833333333333333,0.06666666666666667
p70_cfg1_s43,0.7,1,43,823,572,117.47055655296231,304.02,557,85.57089160839162,253.98249999999993,23.997396768402172,29.85000000000001,20.17069892473119,26.107500000000005,558,131,426,0.23518850987432674,0.14489333333333335,0.2704,5.175,9.964285714285714,0.14166666666666666,0.6666666666666666,0.020833333333333332,0.5,0.0125,0.06666666666666667,0.5878472222222222,1.25,0.22916666666666666,1.5,0.04055555555555555,0.06666666666666667
p70_cfg1_s44,0.7,1,44,807,557,114.2095588235294,278.73999999999995,544,82.87016129032256,238.77999999999994,23.95045955882355,28.270000000000017,20.09752293577982,24.30000000000001,545,128,416,0.23529411764705882,0.13314666666666666,0.268,4.667857142857143,9.607142857142858,0.14270833333333333,0.6666666666666666,0.019444444444444445,0.3333333333333333,0.013055555555555555,0.06666666666666667,0.576388888888889,1.0416666666666667,0.15972222222222224,1.0,0.04,0.06666666666666667
p70_cfg2_s42,0.7,2,42,794,788,56.726478318002634,100.75000000000003,761,27.016645569620245,73.98249999999997,23.97444152431014,29.599999999999994,20.320380078636965,25.645000000000003,763,364,397,0.4783180026281209,0.05929333333333333,0.1248,1.3330357142857143,3.5,0.4850694444444445,0.9166666666666666,0.10416666666666667,0.6666666666666666,0.03444444444444445,0.06666666666666667,0.5239583333333333,1.1666666666666667,0.2388888888888889,1.8333333333333333,0.03833333333333333,0.06666666666666667
p70_cfg1_s46,0.7,1,46,811,577,121.61532976827097,316.30000000000007,561,89.64462738301559,270.44999999999993,23.71212121212123,28.05000000000001,19.93309608540926,24.05000000000001,562,137,424,0.24420677361853832,0.14006666666666667,0.2536,4.9991071428571425,9.25,0.15138888888888888,0.8333333333333334,0.03194444444444445,0.3333333333333333,0.012777777777777779,0.06666666666666667,0.579861111111111,1.0416666666666667,0.20555555555555557,1.5,0.04138888888888889,0.06666666666666667
p70_cfg1_s45,0.7,1,45,857,591,107.99973958333334,272.625,576,77.25507614213198,235.7,23.978298611111125,29.162500000000037,20.19757365684576,25.600000000000023,577,145,431,0.2517361111111111,0.14054666666666668,0.2792,4.922916666666667,10.285714285714286,0.1607638888888889,0.6666666666666666,0.019444444444444445,0.3333333333333333,0.013333333333333334,0.06666666666666667,0.6045138888888889,1.0833333333333333,0.19583333333333333,1.3333333333333333,0.04027777777777777,0.06666666666666667
p70_cfg2_s43,0.7,2,43,823,815,57.1463786531131,102.32000000000001,787,27.570036764705872,76.19999999999999,23.97496823379926,29.150000000000006,20.325475285171112,25.33999999999999,789,383,404,0.4866581956797967,0.06211333333333333,0.1288,1.4196428571428572,3.5,0.5059027777777778,1.0833333333333333,0.14027777777777778,0.8333333333333334,0.037222222222222226,0.06666666666666667,0.5399305555555556,1.1666666666666667,0.21805555555555556,1.5,0.03777777777777778,0.06666666666666667
p70_cfg2_s44,0.7,2,44,807,766,54.76752368064953,97.30000000000001,739,25.186440677966083,70.76999999999995,24.071989174560233,27.950000000000045,20.406680161943324,24.35000000000001,741,361,378,0.4884979702300406,0.0594,0.1384,1.3625,4.071428571428571,0.4840277777777778,1.0,0.1388888888888889,1.0,0.03444444444444445,0.06666666666666667,0.5069444444444444,1.2083333333333333,0.17777777777777778,1.6666666666666667,0.035833333333333335,0.06666666666666667
p70_cfg2_s45,0.7,2,45,857,832,56.67869565217392,101.51,805,27.054676258992796,74.58499999999998,24.4029192546584,31.17000000000002,20.71902106567535,27.779999999999976,807,389,416,0.4832298136645963,0.06458,0.1344,1.4898809523809524,3.607142857142857,0.5076388888888889,1.0833333333333333,0.1361111111111111,0.8333333333333334,0.03611111111111111,0.06666666666666667,0.5555555555555556,1.2083333333333333,0.3444444444444445,1.8333333333333333,0.03972222222222222,0.06666666666666667
p70_cfg2_s46,0.7,2,46,811,772,55.15610738255035,103.66999999999999,745,26.06686046511627,76.18499999999999,23.99624161073827,28.89000000000003,20.357697456492645,25.135,747,360,385,0.48322147651006714,0.060333333333333336,0.136,1.4020833333333333,3.9642857142857144,0.4784722222222222,1.125,0.1388888888888889,1.0,0.03333333333333333,0.06666666666666667,0.5114583333333333,1.125,0.21944444444444444,1.8333333333333333,0.03638888888888889,0.06666666666666667
p70_cfg3_s42,0.7,3,42,794,794,51.27907711757271,81.60000000000002,791,14.54250629722921,40.91749999999999,29.565613147914053,45.32500000000001,25.91803278688526,41.67,793,308,483,0.3893805309734513,0.05278666666666667,0.1256,0.7511904761904763,3.0357142857142856,0.4079861111111111,1.0833333333333333,0.10694444444444445,1.0,0.028611111111111108,0.06666666666666667,0.7777777777777778,1.7083333333333333,0.8791666666666668,1.8333333333333333,0.04555555555555556,0.06666666666666667
p70_cfg3_s43,0.7,3,43,823,823,53.47922318125771,86.325,811,17.8287970838396,45.88999999999997,29.389704069050577,46.325,25.905473554735554,43.05,813,317,494,0.3908754623921085,0.057620000000000005,0.1272,0.9285714285714286,3.357142857142857,0.40972222222222227,1.0416666666666667,0.11944444444444445,1.0,0.028611111111111108,0.06666666666666667,0.8184027777777777,1.7083333333333333,0.936111111111111,2.0,0.0475,0.06666666666666667
p70_cfg3_s44,0.7,3,44,807,807,49.995466321243526,78.4225,772,14.049256505576198,41.21499999999994,29.553108808290176,47.700000000000045,26.008516129032266,44.36500000000001,775,308,464,0.39896373056994816,0.05324666666666667,0.1328,0.7401785714285715,3.2857142857142856,0.3986111111111111,1.0416666666666667,0.12083333333333333,1.1666666666666667,0.03027777777777778,0.06666666666666667,0.8211805555555555,1.7083333333333333,0.8638888888888889,2.0,0.04416666666666667,0.06666666666666667
p70_cfg3_s46,0.7,3,46,811,811,50.17703751617077,85.20999999999998,773,14.398643649815034,44.674999999999955,29.826972833117743,49.540000000000006,26.311855670103103,45.7625,776,310,463,0.40103492884864167,0.05393333333333334,0.1328,0.7574404761904762,3.2857142857142856,0.3913194444444445,1.0416666666666667,0.12638888888888888,1.3333333333333333,0.028055555555555556,0.06666666666666667,0.8329861111111111,1.875,0.9069444444444444,2.0,0.04388888888888889,0.06666666666666667
p70_cfg3_s45,0.7,3,45,857,857,51.76024096385543,84.53250000000003,830,12.935472578763118,38.96999999999993,31.904036144578328,53.0275,28.28859543817528,49.52,833,337,493,0.40602409638554215,0.05827333333333334,0.1312,0.7258928571428571,3.0714285714285716,0.4375,1.125,0.2722222222222222,1.5,0.03305555555555555,0.06666666666666667,0.9315972222222223,2.0416666666666665,0.9944444444444445,2.1666666666666665,0.04666666666666666,0.06666666666666667
p70_cfg4_s42,0.7,4,42,794,794,47.227518891687666,71.485,794,7.292947103274553,21.874999999999957,31.132871536523947,48.11750000000002,27.575566750629733,44.35249999999999,794,367,427,0.4622166246851385,0.04867333333333333,0.1264,0.4288690476190476,2.642857142857143,0.48819444444444443,1.2916666666666667,0.5166666666666667,1.8333333333333333,0.035277777777777776,0.06666666666666667,0.709375,1.75,0.8125,2.0,0.04055555555555555,0.06666666666666667
p70_cfg4_s44,0.7,4,44,807,807,46.814331210191085,70.90999999999998,785,6.6170384138785545,18.284999999999965,31.759299363057337,49.75,28.335931558935364,46.48999999999997,789,362,423,0.46114649681528663,0.04954,0.1328,0.39672619047619045,2.2857142857142856,0.5121527777777778,1.4166666666666667,0.5902777777777778,1.8333333333333333,0.03444444444444445,0.06666666666666667,0.7423611111111111,1.9583333333333333,0.8222222222222223,2.0,0.04027777777777777,0.06666666666666667
p70_cfg4_s43,0.7,4,43,823,823,48.28086269744837,73.74,823,6.842709599027939,16.849999999999994,32.410206561360894,52.245,28.86051032806805,48.84000000000002,823,373,450,0.4532199270959903,0.05138666666666667,0.1256,0.41666666666666663,2.0357142857142856,0.5118055555555555,1.3333333333333333,0.5555555555555556,1.8333333333333333,0.035555555555555556,0.06666666666666667,0.7829861111111112,2.0416666666666665,0.8916666666666666,2.0,0.043333333333333335,0.06666666666666667
p70_cfg4_s45,0.7,4,45,857,857,49.4688018979834,73.85000000000002,843,7.873862310385057,18.35,32.879122182680916,51.09500000000002,29.41609467455622,47.89999999999998,845,399,444,0.47330960854092524,0.05536,0.1296,0.4758928571428571,2.0357142857142856,0.5690972222222223,1.4166666666666667,0.6333333333333333,1.8333333333333333,0.037222222222222226,0.06666666666666667,0.8104166666666667,2.0833333333333335,0.9249999999999999,2.0,0.042222222222222223,0.06666666666666667
p70_cfg4_s46,0.7,4,46,811,811,47.14281210592687,73.46000000000001,793,6.561405672009859,18.625000000000014,31.95756620428753,51.69000000000001,28.53943396226416,48.74499999999998,795,370,423,0.4665825977301387,0.05006666666666667,0.1272,0.3997023809523809,2.25,0.5024305555555556,1.2916666666666667,0.548611111111111,1.8333333333333333,0.03611111111111111,0.06666666666666667,0.782638888888889,2.0416666666666665,0.8416666666666667,2.0,0.03944444444444444,0.06666666666666667
p70_cfg5_s42,0.7,5,42,794,794,47.76511335012595,74.02249999999995,794,6.081423173803522,23.434999999999977,32.630730478589435,53.66750000000001,29.184886649874063,50.50250000000001,794,347,447,0.43702770780856426,0.049153333333333334,0.1264,0.38541666666666663,1.6785714285714286,0.4527777777777778,1.375,0.4777777777777778,1.8333333333333333,0.03333333333333333,0.06666666666666667,0.8232638888888889,2.5416666666666665,0.8916666666666666,2.0,0.041944444444444444,0.06666666666666667
p70_cfg5_s43,0.7,5,43,823,823,48.380365853658546,78.0625,820,7.796294046172533,41.09000000000002,32.00250000000001,54.45500000000004,28.535182926829275,51.1575,820,359,461,0.4378048780487805,0.05159333333333333,0.124,0.4842261904761905,1.8571428571428572,0.4545138888888889,1.25,0.4222222222222222,1.8333333333333333,0.032777777777777774,0.06666666666666667,0.8427083333333334,2.2916666666666665,0.9277777777777777,2.0,0.043611111111111114,0.06666666666666667
p70_cfg5_s44,0.7,5,44,807,807,47.23550446998724,71.03000000000006,783,6.068215613382893,21.085000000000015,32.25178799489145,51.53999999999999,28.838945362134695,48.29999999999999,787,358,425,0.45721583652618136,0.05012,0.1352,0.3875,2.0,0.4902777777777778,1.4166666666666667,0.5236111111111111,1.8333333333333333,0.03333333333333333,0.06666666666666667,0.8142361111111112,2.4583333333333335,0.8541666666666666,2.1666666666666665,0.04083333333333334,0.06666666666666667
p70_cfg5_s45,0.7,5,45,857,857,48.759940476190486,76.80250000000007,840,7.492182030338382,30.69999999999994,32.437797619047636,54.662499999999994,29.029097387173405,51.68749999999997,842,374,466,0.4452380952380952,0.054573333333333335,0.128,0.47797619047619044,1.8214285714285714,0.4774305555555556,1.25,0.45,1.6666666666666667,0.03611111111111111,0.06666666666666667,0.9246527777777778,2.3333333333333335,0.9611111111111111,2.1666666666666665,0.04472222222222222,0.06666666666666667
p70_cfg5_s46,0.7,5,46,811,811,47.56892405063292,78.84250000000003,790,8.673612823674473,44.15,31.035063291139256,51.055000000000014,27.63066750629724,47.984999999999985,794,354,436,0.4481012658227848,0.05064,0.132,0.5172619047619047,2.3214285714285716,0.4673611111111111,1.3333333333333333,0.4694444444444445,1.8333333333333333,0.03305555555555555,0.06666666666666667,0.7690972222222222,2.0833333333333335,0.8277777777777778,2.1666666666666665,0.041666666666666664,0.06666666666666667
p70_cfg6_s42,0.7,6,42,794,770,55.321372549019614,134.4,765,21.03625162127107,111.35,27.26745098039217,41.48,23.83263707571802,37.8125,766,299,466,0.3908496732026144,0.05829333333333333,0.1248,1.1660714285714284,2.3214285714285716,0.37881944444444443,1.3333333333333333,0.3763888888888889,1.8333333333333333,0.02888888888888889,0.06666666666666667,0.6444444444444445,1.6666666666666667,0.6361111111111112,1.8333333333333333,0.04472222222222222,0.06666666666666667
p70_cfg6_s43,0.7,6,43,823,778,58.14721862871928,143.76,773,23.219768934531448,122.55499999999986,28.00724450194051,43.19000000000002,24.591332470892635,40.0,773,297,476,0.38421733505821476,0.06435333333333333,0.1328,1.39375,2.75,0.3795138888888889,1.375,0.3666666666666667,1.8333333333333333,0.028333333333333332,0.06666666666666667,0.6829861111111111,1.75,0.7013888888888888,1.8333333333333333,0.04583333333333333,0.06666666666666667
p70_cfg6_s44,0.7,6,44,807,769,55.20821094793059,126.90000000000002,749,20.029220779220772,105.1375,28.89712950600803,45.05000000000007,25.532023968042623,41.800000000000004,751,286,463,0.3818424566088118,0.060593333333333325,0.1536,1.1886904761904762,2.9642857142857144,0.3927083333333334,1.5,0.3680555555555556,1.8333333333333333,0.028333333333333332,0.06666666666666667,0.7059027777777778,1.9166666666666667,0.7166666666666667,2.0,0.041944444444444444,0.06666666666666667
p70_cfg6_s45,0.7,6,45,857,807,59.23333333333335,150.2775,798,23.876670792079207,126.18250000000002,28.75494987468673,43.037499999999994,25.324187500000008,39.71500000000003,800,314,484,0.39348370927318294,0.06875333333333333,0.1544,1.5,3.142857142857143,0.4284722222222222,1.5,0.43472222222222223,1.8333333333333333,0.030555555555555555,0.06666666666666667,0.6982638888888889,1.6666666666666667,0.7305555555555556,2.0,0.04583333333333333,0.06666666666666667
p70_cfg6_s46,0.7,6,46,811,769,57.55729303547964,143.79999999999995,761,22.795454545454547,121.92750000000001,27.903613666228658,43.250000000000014,24.470866141732287,39.55000000000006,762,296,465,0.38896189224704336,0.06280666666666668,0.1384,1.3407738095238095,2.9285714285714284,0.38645833333333335,1.375,0.4152777777777778,2.0,0.028611111111111108,0.06666666666666667,0.6461805555555555,1.7916666666666667,0.6875,2.0,0.04583333333333333,0.06666666666666667
p80_cfg1_s42,0.8,1,42,794,478,151.21774891774893,345.69,462,117.68682008368201,317.48749999999995,23.831709956709975,27.9975,20.030777537796983,23.950000000000003,463,89,373,0.19264069264069264,0.18061333333333335,0.3136,6.713988095238095,12.285714285714286,0.09618055555555555,0.5416666666666666,0.019444444444444445,0.3333333333333333,0.008333333333333333,0.06666666666666667,0.5381944444444444,0.9583333333333334,0.07361111111111111,0.5,0.03666666666666667,0.06666666666666667
p80_cfg1_s43,0.8,1,43,823,495,143.46177083333333,346.07750000000004,480,111.1721212121212,311.57499999999993,23.392916666666686,27.7025,19.57609147609148,23.700000000000045,481,94,386,0.19583333333333333,0.17856666666666668,0.3264,6.578273809523809,12.607142857142858,0.10104166666666665,0.5416666666666666,0.006944444444444444,0.16666666666666666,0.008333333333333333,0.06666666666666667,0.5399305555555556,0.8333333333333334,0.08333333333333333,0.8333333333333334,0.03638888888888889,0.06666666666666667
p80_cfg1_s44,0.8,1,44,807,487,140.00845665961944,339.99,473,105.61639344262295,282.86249999999995,24.005602536997905,28.30000000000001,20.13575949367089,24.25,474,96,377,0.2029598308668076,0.15866666666666668,0.3128,5.729464285714286,12.0,0.10451388888888889,0.6666666666666666,0.013888888888888888,0.3333333333333333,0.01,0.06666666666666667,0.5420138888888889,0.875,0.08472222222222221,0.5,0.035833333333333335,0.06666666666666667
p80_cfg1_s45,0.8,1,45,857,498,143.76180124223606,340.78000000000003,483,110.9839357429719,309.98749999999995,23.70879917184267,27.950000000000045,19.950309917355376,24.142499999999984,484,94,389,0.19461697722567287,0.18047333333333335,0.344,6.583630952380952,13.428571428571429,0.09583333333333333,0.5,0.012499999999999999,0.3333333333333333,0.0077777777777777776,0.06666666666666667,0.5538194444444444,1.125,0.1125,1.1666666666666667,0.036944444444444446,0.06666666666666667
p80_cfg2_s42,0.8,2,42,794,778,68.55179760319575,127.45,751,38.87804878048779,94.82499999999997,23.68042609853531,26.700000000000045,20.023572377158043,22.94999999999999,753,372,379,0.49533954727030627,0.07143333333333333,0.1352,1.8913690476190477,4.321428571428571,0.515625,0.9166666666666666,0.06527777777777778,0.3333333333333333,0.03333333333333333,0.06666666666666667,0.4979166666666666,1.0416666666666667,0.125,1.5,0.03833333333333333,0.06666666666666667
p80_cfg1_s46,0.8,1,46,811,477,151.99318181818182,347.70000000000005,462,118.5332285115304,317.1,24.100432900432914,28.29750000000001,20.367062634989207,24.450000000000003,463,91,371,0.19696969696969696,0.17731333333333335,0.3208,6.502976190476191,12.464285714285714,0.10069444444444443,0.5,0.011111111111111112,0.5,0.008611111111111113,0.06666666666666667,0.5381944444444444,1.0,0.08611111111111112,1.1666666666666667,0.03833333333333333,0.06666666666666667
p80_cfg2_s43,0.8,2,43,823,794,66.98859191655802,122.15000000000002,767,36.94396226415093,92.39499999999995,24.13252933507173,27.585000000000015,20.459427828348513,23.83999999999997,769,375,392,0.48891786179921776,0.07307999999999999,0.1368,1.8982142857142856,4.464285714285714,0.5204861111111111,0.875,0.09027777777777778,0.6666666666666666,0.035277777777777776,0.06666666666666667,0.5302083333333333,1.0,0.15833333333333333,1.3333333333333333,0.03805555555555555,0.06666666666666667
p80_cfg2_s44,0.8,2,44,807,742,65.44888111888112,119.49499999999998,715,34.28943472409151,85.78999999999995,23.991888111888134,27.50000000000003,20.360251046025112,23.35000000000001,717,354,361,0.4951048951048951,0.07084666666666667,0.1496,1.8029761904761905,4.678571428571429,0.4791666666666667,0.9583333333333334,0.09166666666666667,0.8333333333333334,0.033888888888888885,0.06666666666666667,0.5041666666666667,1.0416666666666667,0.09999999999999999,0.8333333333333334,0.034166666666666665,0.06666666666666667
p80_cfg2_s45,0.8,2,45,857,789,70.08536745406825,126.48500000000001,762,40.596839443742084,94.64999999999998,23.602493438320227,27.050000000000068,19.926308900523566,23.150000000000084,764,378,384,0.49606299212598426,0.08004,0.1504,2.2345238095238096,5.071428571428571,0.5170138888888889,0.8333333333333334,0.075,0.5,0.03611111111111111,0.06666666666666667,0.5149305555555556,0.9166666666666666,0.09444444444444444,0.6666666666666666,0.035833333333333335,0.06666666666666667
p80_cfg2_s46,0.8,2,46,811,760,71.65389344262296,135.71749999999997,732,42.51141732283463,103.18499999999997,23.746857923497284,26.850000000000023,20.0848299319728,23.0,735,362,370,0.49453551912568305,0.07690666666666668,0.1472,2.158035714285714,4.714285714285714,0.49583333333333335,0.9166666666666666,0.07638888888888888,0.6666666666666666,0.03361111111111111,0.06666666666666667,0.501736111111111,0.9583333333333334,0.09444444444444444,0.8333333333333334,0.035833333333333335,0.06666666666666667
p80_cfg3_s42,0.8,3,42,794,794,53.699300254452936,85.61249999999998,786,20.563727959697722,53.36999999999997,27.044020356234114,37.650000000000006,23.530418250950575,34.199999999999996,789,295,491,0.3753180661577608,0.05560666666666667,0.1304,1.0211309523809524,3.7142857142857144,0.3833333333333333,0.9166666666666666,0.08194444444444444,0.6666666666666666,0.0275,0.06666666666666667,0.6996527777777778,1.5416666666666667,0.8013888888888889,1.8333333333333333,0.04722222222222223,0.06666666666666667
p80_cfg3_s43,0.8,3,43,823,823,55.654770755886005,87.77000000000001,807,21.51117861482381,52.489999999999995,28.128128872366812,38.93500000000004,24.555740740740752,35.449999999999996,810,309,498,0.3828996282527881,0.05996666666666666,0.1264,1.1035714285714284,3.607142857142857,0.40868055555555555,0.9166666666666666,0.07083333333333333,0.6666666666666666,0.029166666666666667,0.06666666666666667,0.765625,1.4166666666666667,0.8666666666666667,1.8333333333333333,0.0475,0.06666666666666667
p80_cfg3_s44,0.8,3,44,807,807,52.33964613368284,81.24000000000001,763,20.136679058240386,50.89999999999998,27.497182175622566,40.10000000000001,23.948237597911234,36.3875,766,294,469,0.3853211009174312,0.05608,0.1344,1.01875,3.5714285714285716,0.38506944444444446,0.9583333333333334,0.07777777777777778,0.6666666666666666,0.028611111111111108,0.06666666666666667,0.7256944444444445,1.375,0.7819444444444444,1.8333333333333333,0.04527777777777778,0.06666666666666667
p80_cfg3_s46,0.8,3,46,811,811,52.419635890767246,85.61000000000001,769,20.194574599260164,54.150000000000006,27.383615084525378,40.910000000000025,23.8408031088083,37.1725,772,299,470,0.38881664499349805,0.05636666666666666,0.132,1.024702380952381,3.642857142857143,0.3982638888888889,0.9166666666666666,0.09305555555555556,0.6666666666666666,0.028611111111111108,0.06666666666666667,0.7190972222222222,1.4583333333333333,0.7333333333333334,1.8333333333333333,0.04472222222222222,0.06666666666666667
p80_cfg3_s45,0.8,3,45,857,857,55.304848484848485,88.41999999999999,825,21.965460910151677,53.94999999999999,27.7378181818182,39.39,24.167572463768124,35.43250000000002,828,321,504,0.3890909090909091,0.06250666666666667,0.136,1.1714285714285713,3.892857142857143,0.42569444444444443,1.0,0.09305555555555556,0.5,0.030833333333333334,0.06666666666666667,0.7878472222222223,1.4166666666666667,0.8277777777777778,1.8333333333333333,0.04777777777777778,0.06666666666666667
p80_cfg4_s42,0.8,4,42,794,794,47.117884130982375,68.6175,794,9.721599496221653,29.10499999999997,29.380667506297247,41.55000000000007,25.881926952141068,38.05000000000002,794,378,416,0.4760705289672544,0.04849333333333333,0.1232,0.5181547619047618,2.8214285714285716,0.5059027777777778,1.25,0.49722222222222223,1.8333333333333333,0.03611111111111111,0.06666666666666667,0.6246527777777778,1.5,0.7138888888888889,1.8333333333333333,0.03972222222222222,0.06666666666666667
p80_cfg4_s43,0.8,4,43,823,823,46.89210206561362,70.30000000000001,823,9.396415552855398,25.11999999999997,29.28383961117863,43.19,25.790886998784938,39.645,823,389,434,0.4726609963547995,0.05007333333333334,0.1216,0.524702380952381,2.607142857142857,0.5083333333333333,1.2916666666666667,0.4375,1.6666666666666667,0.03777777777777778,0.06666666666666667,0.6680555555555556,1.5833333333333333,0.7694444444444444,2.0,0.041944444444444444,0.06666666666666667
p80_cfg4_s44,0.8,4,44,807,807,48.00090090090091,70.46000000000004,777,11.612391573729854,31.534999999999965,29.316602316602335,42.239999999999974,25.882458386683744,39.3,781,371,406,0.4774774774774775,0.051173333333333335,0.1408,0.61875,3.2857142857142856,0.5305555555555556,1.2916666666666667,0.4611111111111111,1.8333333333333333,0.035277777777777776,0.06666666666666667,0.6440972222222222,1.5416666666666667,0.6958333333333333,1.8333333333333333,0.03916666666666667,0.06666666666666667
p80_cfg4_s45,0.8,4,45,857,857,49.125768321513014,72.38749999999999,846,9.989789964994158,26.549999999999955,31.17387706855794,46.05000000000001,27.649410377358496,42.482500000000016,848,408,438,0.48226950354609927,0.05484,0.128,0.5794642857142858,2.642857142857143,0.5520833333333334,1.25,0.5611111111111111,1.8333333333333333,0.03777777777777778,0.06666666666666667,0.7489583333333334,1.625,0.8444444444444444,1.8333333333333333,0.04111111111111111,0.06666666666666667
p80_cfg4_s46,0.8,4,46,811,811,48.16284810126584,72.82499999999997,790,11.228914919852025,32.849999999999994,29.688417721519002,43.605000000000004,26.213853904282118,40.319999999999986,794,379,411,0.479746835443038,0.05114666666666667,0.1312,0.6047619047619047,3.0357142857142856,0.5187499999999999,1.2083333333333333,0.5152777777777778,1.8333333333333333,0.03666666666666667,0.06666666666666667,0.6496527777777777,1.5833333333333333,0.7430555555555555,1.8333333333333333,0.03972222222222222,0.06666666666666667
p80_cfg5_s42,0.8,5,42,794,794,48.3500629722922,76.20249999999999,794,4.794521410579337,13.53499999999999,34.30415617128465,57.40249999999999,30.91649874055416,54.15249999999998,794,342,452,0.43073047858942065,0.04973333333333333,0.1272,0.31726190476190474,1.6428571428571428,0.47256944444444443,1.375,0.5388888888888889,1.8333333333333333,0.032777777777777774,0.06666666666666667,0.8677083333333333,2.5416666666666665,0.9319444444444445,2.1666666666666665,0.04388888888888889,0.06666666666666667
p80_cfg5_s43,0.8,5,43,823,823,48.43308913308914,76.95999999999998,819,5.416646415552848,12.550000000000008,33.97405372405374,58.50500000000001,30.61881851400732,55.39999999999998,821,348,471,0.4249084249084249,0.05192000000000001,0.1256,0.35446428571428573,1.5714285714285714,0.4545138888888889,1.2916666666666667,0.5027777777777778,1.8333333333333333,0.03305555555555555,0.06666666666666667,0.9378472222222222,2.5,0.9722222222222222,2.1666666666666665,0.04472222222222222,0.06666666666666667
p80_cfg5_s44,0.8,5,44,807,807,47.40223499361432,72.24000000000001,783,5.481846344485739,13.07000000000001,32.95887611749683,54.60000000000002,29.57379134860052,51.46249999999999,786,343,440,0.438058748403576,0.05026,0.1344,0.3458333333333333,2.0,0.4732638888888889,1.4166666666666667,0.4388888888888889,1.8333333333333333,0.032777777777777774,0.06666666666666667,0.8798611111111111,2.5,0.9027777777777778,2.1666666666666665,0.041666666666666664,0.06666666666666667
p80_cfg5_s45,0.8,5,45,857,857,48.923067776456605,76.4,841,5.399999999999991,13.12000000000001,34.404161712247344,57.650000000000034,31.05895610913405,54.48,843,364,477,0.4328180737217598,0.054993333333333325,0.1272,0.37023809523809526,1.6428571428571428,0.49652777777777773,1.3333333333333333,0.5430555555555555,1.8333333333333333,0.035,0.06666666666666667,0.9902777777777777,2.5,1.0069444444444444,2.0,0.04527777777777778,0.06666666666666667
p80_cfg5_s46,0.8,5,46,811,811,47.538874841972195,76.1,791,5.654069050554865,15.774999999999977,32.98546144121367,55.77499999999999,29.638524590163943,52.82,793,346,445,0.43742098609355246,0.050539999999999995,0.128,0.3619047619047619,1.9285714285714286,0.4628472222222222,1.2916666666666667,0.5194444444444445,1.8333333333333333,0.03333333333333333,0.06666666666666667,0.875,2.4583333333333335,0.8944444444444444,2.1666666666666665,0.041944444444444444,0.06666666666666667
p80_cfg6_s42,0.8,6,42,794,793,48.13580481622308,83.85,789,7.528274559193951,47.71999999999996,32.20893536121674,50.02999999999999,28.82629911280102,46.819999999999965,789,338,451,0.42839036755386567,0.04967333333333333,0.1248,0.4604166666666667,1.8928571428571428,0.48055555555555557,1.5,0.5083333333333333,1.8333333333333333,0.03194444444444445,0.06666666666666667,0.765625,2.0833333333333335,0.8458333333333333,2.0,0.043055555555555555,0.06666666666666667
p80_cfg6_s43,0.8,6,43,823,822,48.94545454545455,85.55000000000001,814,7.472843256379095,42.879999999999974,33.17278869778872,53.22000000000001,29.78288343558283,49.864999999999995,815,346,468,0.4250614250614251,0.052660000000000005,0.1248,0.4717261904761905,1.7142857142857142,0.48784722222222227,1.5,0.5208333333333334,1.8333333333333333,0.03361111111111111,0.06666666666666667,0.8388888888888889,2.125,0.9638888888888889,2.1666666666666665,0.043611111111111114,0.06666666666666667
p80_cfg6_s44,0.8,6,44,807,790,46.96135483870968,78.44999999999999,775,6.467383059418451,38.45000000000002,32.615935483870985,49.515,29.266473616473622,46.20999999999999,777,332,443,0.42838709677419357,0.050706666666666664,0.1328,0.48125,1.9285714285714286,0.47951388888888885,1.5833333333333333,0.5236111111111111,1.8333333333333333,0.030833333333333334,0.06666666666666667,0.7756944444444445,2.0416666666666665,0.8458333333333333,2.0,0.041944444444444444,0.06666666666666667
p80_cfg6_s45,0.8,6,45,857,841,48.96700721153847,88.14749999999998,832,8.489311163895481,52.72249999999996,32.54609375000002,50.62250000000005,29.14136690647483,47.1875,834,354,478,0.4254807692307692,0.055426666666666666,0.1312,0.5973214285714287,2.0,0.4993055555555555,1.5,0.5861111111111111,1.8333333333333333,0.03333333333333333,0.06666666666666667,0.8298611111111112,2.0416666666666665,0.8777777777777778,2.1666666666666665,0.04611111111111111,0.06666666666666667
p80_cfg6_s46,0.8,6,46,811,802,47.65076824583867,86.55000000000001,781,8.35666251556662,49.73,31.801344430217686,53.000000000000014,28.486143039591322,49.93,783,328,453,0.4199743918053777,0.05149333333333333,0.1296,0.5318452380952381,2.0,0.4694444444444445,1.4583333333333333,0.4680555555555555,1.8333333333333333,0.030555555555555555,0.06666666666666667,0.8006944444444444,2.2916666666666665,0.8027777777777777,2.1666666666666665,0.042499999999999996,0.06666666666666667
